,Capacity(mAh),dU/dQ(V/mAh)
0,0.0009718830702039,0.16831223659052166
1,1.000971883070204,0.020464136980087262
2,2.000971883070204,0.008552827461243731
3,3.000971883070204,0.006021910194180081
4,4.0009718830702035,0.005205982222934092
5,5.0009718830702035,0.004729221020269288
6,6.0009718830702035,0.004401048735224143
7,7.0009718830702035,0.004148200219329278
8,8.000971883070203,0.003951128650141549
9,9.000971883070203,0.0037873862140885284
10,10.000971883070203,0.0036504899329261853
11,11.000971883070203,0.0035271942108050145
12,12.000971883070203,0.0034224589969094545
13,13.000971883070203,0.0033264430597611996
14,14.000971883070203,0.0032376546719774823
15,15.000971883070203,0.0031563261613868003
16,16.000971883070203,0.0030796834335680254
17,17.000971883070203,0.0030100758693572143
18,18.000971883070203,0.0029437624101263486
19,19.000971883070203,0.0028795113496996134
20,20.000971883070203,0.002820934274176915
21,21.000971883070203,0.002765216631451213
22,22.000971883070203,0.0027112313381921238
23,23.000971883070203,0.002661050699950229
24,24.000971883070203,0.0026135447597705865
25,25.000971883070203,0.002567224820113314
26,26.000971883070203,0.0025222140054969406
27,27.000971883070203,0.002479090937735049
28,28.000971883070203,0.0024385258539206265
29,29.000971883070203,0.0024001164463541896
30,30.000971883070203,0.002363111594223957
31,31.000971883070203,0.0023274322125442144
32,32.00097188307021,0.0022931268525965267
33,33.00097188307021,0.002259978696558497
34,34.00097188307021,0.0022277359541092064
35,35.00097188307021,0.002196249627405673
36,36.00097188307021,0.0021654652534528716
37,37.00097188307021,0.0021356350069633655
38,38.00097188307021,0.0021069875631747853
39,39.00097188307021,0.0020791423097964745
40,40.00097188307021,0.002051572764313256
41,41.00097188307021,0.002024548225087365
42,42.00097188307021,0.001998821210514816
43,43.00097188307021,0.0019745175775454865
44,44.00097188307021,0.0019510126114238879
45,45.00097188307021,0.0019277350671068347
46,46.00097188307021,0.0019045083142317384
47,47.00097188307021,0.001881265773298361
48,48.00097188307021,0.001858159189990517
49,49.00097188307021,0.0018355578663932454
50,50.00097188307021,0.0018137159345939418
51,51.00097188307021,0.0017923864485321287
52,52.00097188307021,0.0017712016646010361
53,53.00097188307021,0.0017500796416737528
54,54.00097188307021,0.0017293677406646022
55,55.00097188307021,0.0017094229825636517
56,56.00097188307021,0.001690243925824813
57,57.00097188307021,0.0016715660426185285
58,58.00097188307021,0.0016531317732281726
59,59.00097188307021,0.0016348373658476108
60,60.00097188307021,0.0016166794036145328
61,61.00097188307021,0.001598661795793252
62,62.00097188307021,0.0015808733142466651
63,63.00097188307021,0.0015634685821092403
64,64.0009718830702,0.0015465988110566653
65,65.0009718830702,0.001530281986523633
66,66.0009718830702,0.001514393896182519
67,67.0009718830702,0.001498803465305881
68,68.0009718830702,0.0014834260796822848
69,69.0009718830702,0.0014683038823712989
70,70.0009718830702,0.0014535004341640527
71,71.0009718830702,0.0014390758696106365
72,72.0009718830702,0.0014250478911437504
73,73.0009718830702,0.0014114055371774593
74,74.0009718830702,0.0013981373070206338
75,75.0009718830702,0.0013852324876306998
76,76.0009718830702,0.0013726835800245477
77,77.0009718830702,0.00136048390491855
78,78.0009718830702,0.0013486267803035999
79,79.0009718830702,0.0013371013662706768
80,80.0009718830702,0.001325884287569122
81,81.0009718830702,0.0013149498160605064
82,82.0009718830702,0.0013042722236064025
83,83.0009718830702,0.0012938273830569794
84,84.0009718830702,0.001283597952721569
85,85.0009718830702,0.0012735683882645085
86,86.0009718830702,0.0012637231453623086
87,87.0009718830702,0.001254049421704483
88,88.0009718830702,0.0012445636039094333
89,89.0009718830702,0.0012352997081306269
90,90.0009718830702,0.0012262919947746255
91,91.0009718830702,0.0012175744865941685
92,92.0009718830702,0.0012091467717479712
93,93.0009718830702,0.0012009382660305157
94,94.0009718830702,0.0011928698431118627
95,95.0009718830702,0.0011848623766620727
96,96.0009718830702,0.00117683880281388
97,97.0009718830702,0.0011687850394383177
98,98.0009718830702,0.001160760065293661
99,99.0009718830702,0.0011528269513664071
100,100.0009718830702,0.0011450487686430555
101,101.0009718830702,0.0011374830690619932
102,102.0009718830702,0.0011301260294820528
103,103.0009718830702,0.0011229355129493057
104,104.0009718830702,0.0011158687991909587
105,105.0009718830702,0.001108883167934219
106,106.0009718830702,0.0011019373100699145
107,107.0009718830702,0.0010950161912284177
108,108.0009718830702,0.001088128016862554
109,109.0009718830702,0.0010812817937373438
110,110.0009718830702,0.0010744865286178064
111,111.0009718830702,0.0010677511959129558
112,112.0009718830702,0.0010610785441435787
113,113.0009718830702,0.001054457730012396
114,114.0009718830702,0.0010478761166188906
115,115.0009718830702,0.001041321067062546
116,116.0009718830702,0.0010347799444428464
117,117.0009718830702,0.0010282408402626146
118,118.0009718830702,0.0010217025374145098
119,119.0009718830702,0.0010151719441021422
120,120.0009718830702,0.0010086561715676745
121,121.0009718830702,0.0010021623310532695
122,122.0009718830702,0.0009956975338010893
123,123.0009718830702,0.0009892674766156268
124,124.0009718830702,0.0009828677745685863
125,125.0009718830702,0.0009764896655798753
126,126.0009718830702,0.0009701243697799558
127,127.0009718830702,0.0009637631072992906
128,128.0009718830702,0.0009573970982683414
129,129.0009718830702,0.0009510192593154828
130,130.0009718830702,0.000944638050325373
131,131.0009718830702,0.0009382702762564062
132,132.0009718830702,0.0009319328219196517
133,133.0009718830702,0.0009256425721261799
134,134.0009718830702,0.0009194164116870593
135,135.0009718830702,0.0009132708966048469
136,136.0009718830702,0.0009072118231853298
137,137.0009718830702,0.0009012320796148698
138,138.0009718830702,0.0008953237911177578
139,139.0009718830702,0.0008894790829182851
140,140.0009718830702,0.0008836900802407425
141,141.0009718830702,0.0008779489083094209
142,142.0009718830702,0.0008722482364562201
143,143.0009718830702,0.0008665904490187477
144,144.0009718830702,0.0008609863054971458
145,145.0009718830702,0.0008554468396791969
146,146.0009718830702,0.0008499830853526825
147,147.0009718830702,0.0008446060763053849
148,148.0009718830702,0.0008393268463250862
149,149.0009718830702,0.0008341563896624723
150,150.0009718830702,0.0008291010710130355
151,151.0009718830702,0.0008241583456755245
152,152.0009718830702,0.0008193246566525365
153,153.0009718830702,0.0008145964469466687
154,154.0009718830702,0.0008099701595605185
155,155.0009718830702,0.0008054422374966824
156,156.0009718830702,0.0008010091237577582
157,157.0009718830702,0.0007966672614582263
158,158.0009718830702,0.0007924133346539903
159,159.0009718830702,0.0007882447780180491
160,160.0009718830702,0.0007841591719797051
161,161.0009718830702,0.0007801540969682608
162,162.0009718830702,0.0007762271334130185
163,163.0009718830702,0.0007723758617432805
164,164.0009718830702,0.0007685978623883496
165,165.0009718830702,0.0007648907157775275
166,166.0009718830702,0.0007612520023408365
167,167.0009718830702,0.0007576796727887894
168,168.0009718830702,0.0007541731038696402
169,169.0009718830702,0.0007507320155784788
170,170.0009718830702,0.0007473561279103953
171,171.0009718830702,0.0007440451608604804
172,172.0009718830702,0.0007407988344238241
173,173.0009718830702,0.0007376168685955163
174,174.0009718830702,0.0007344989833706479
175,175.0009718830702,0.0007314448987443085
176,176.0009718830702,0.0007284543327321228
177,177.0009718830702,0.0007255260634028071
178,178.0009718830702,0.0007226564284295596
179,179.0009718830702,0.0007198413745603529
180,180.0009718830702,0.0007170768485431592
181,181.0009718830702,0.0007143587971259513
182,182.0009718830702,0.0007116831670567013
183,183.0009718830702,0.0007090459050833821
184,184.0009718830702,0.0007064429579539659
185,185.0009718830702,0.0007038702724164255
186,186.0009718830702,0.0007013237952187329
187,187.0009718830702,0.000698799676894349
188,188.0009718830702,0.000696297400679384
189,189.0009718830702,0.0006938191685081745
190,190.0009718830702,0.0006913672617012335
191,191.0009718830702,0.0006889439615790738
192,192.0009718830702,0.0006865515494622081
193,193.0009718830702,0.0006841923066711494
194,194.0009718830702,0.0006818685145264106
195,195.0009718830702,0.0006795824543485046
196,196.0009718830702,0.000677336407457944
197,197.0009718830702,0.000675132655175242
198,198.0009718830702,0.0006729726106200511
199,199.0009718830702,0.0006708540751421264
200,200.0009718830702,0.0006687739110281355
201,201.0009718830702,0.0006667289805627272
202,202.0009718830702,0.0006647161460305487
203,203.0009718830702,0.0006627322697162483
204,204.0009718830702,0.0006607742139044744
205,205.0009718830702,0.0006588388408798747
206,206.0009718830702,0.0006569230129270973
207,207.0009718830702,0.0006550235923307903
208,208.0009718830702,0.0006531374413756019
209,209.0009718830702,0.0006512618510351899
210,210.0009718830702,0.0006493963137799545
211,211.0009718830702,0.0006475410268252969
212,212.0009718830702,0.0006456961877039964
213,213.0009718830702,0.0006438619939488316
214,214.0009718830702,0.0006420386430925817
215,215.0009718830702,0.0006402263326680258
216,216.0009718830702,0.0006384252602079425
217,217.0009718830702,0.0006366356232451112
218,218.0009718830702,0.0006348576193123107
219,219.0009718830702,0.0006330914459423201
220,220.0009718830702,0.0006313372514020993
221,221.0009718830702,0.0006295949649543411
222,222.0009718830702,0.0006278644550281435
223,223.0009718830702,0.0006261455900502191
224,224.0009718830702,0.0006244382384472803
225,225.0009718830702,0.0006227422686460404
226,226.0009718830702,0.000621057549073212
227,227.0009718830702,0.0006193839481555075
228,228.0009718830702,0.0006177213343196398
229,229.0009718830702,0.0006160695759923216
230,230.0009718830702,0.0006144285413506023
231,231.0009718830702,0.0006127978811992638
232,232.0009718830702,0.0006111766312929769
233,233.0009718830702,0.000609563719365013
234,234.0009718830702,0.000607958073148643
235,235.0009718830702,0.000606358620377138
236,236.0009718830702,0.0006047642887837693
237,237.0009718830702,0.0006031740061018079
238,238.0009718830702,0.0006015867000645254
239,239.0009718830702,0.0006000012984051924
240,240.0009718830702,0.0005984167288570802
241,241.0009718830702,0.0005968319243887789
242,242.0009718830702,0.0005952465756540434
243,243.0009718830702,0.0005936619168902904
244,244.0009718830702,0.0005920793701695615
245,245.0009718830702,0.0005905003575638975
246,246.0009718830702,0.0005889263011453397
247,247.0009718830702,0.0005873586229859296
248,248.0009718830702,0.0005857987451577081
249,249.0009718830702,0.0005842480897327164
250,250.0009718830702,0.0005827080787829957
251,251.0009718830702,0.0005811801343805873
252,252.0009718830702,0.000579665630624849
253,253.0009718830702,0.0005781646216176287
254,254.0009718830702,0.000576675708564425
255,255.0009718830702,0.0005751974180415865
256,256.0009718830702,0.0005737282766254616
257,257.0009718830702,0.0005722668108923981
258,258.0009718830702,0.0005708115474187449
259,259.0009718830702,0.0005693610127808502
260,260.0009718830702,0.000567913733555062
261,261.0009718830702,0.0005664682363177287
262,262.0009718830702,0.0005650230476451991
263,263.0009718830702,0.0005635767040358991
264,264.0009718830702,0.0005621285482588218
265,265.0009718830702,0.0005606793120772708
266,266.0009718830702,0.0005592298646425097
267,267.0009718830702,0.0005577810751058004
268,268.0009718830702,0.0005563338126184056
269,269.0009718830702,0.0005548889463315878
270,270.0009718830702,0.0005534473453966094
271,271.0009718830702,0.000552009878964733
272,272.0009718830702,0.0005505774161872214
273,273.0009718830702,0.000549150826215337
274,274.0009718830702,0.0005477309753983556
275,275.0009718830702,0.0005463185704099653
276,276.0009718830702,0.0005449140751634118
277,277.0009718830702,0.0005435179332332893
278,278.0009718830702,0.0005421305881941919
279,279.0009718830702,0.0005407524836207133
280,280.0009718830702,0.0005393840630874482
281,281.0009718830702,0.00053802577016899
282,282.0009718830702,0.0005366780484399329
283,283.0009718830702,0.0005353413414748712
284,284.0009718830702,0.0005340160928483989
285,285.0009718830702,0.0005327027390707624
286,286.0009718830702,0.0005314013450458999
287,287.0009718830702,0.0005301114278793837
288,288.0009718830702,0.0005288324607019087
289,289.0009718830702,0.0005275639166441708
290,290.0009718830702,0.0005263052688368646
291,291.0009718830702,0.0005250559904106856
292,292.0009718830702,0.0005238155544963293
293,293.0009718830702,0.0005225834342244909
294,294.0009718830702,0.0005213591027258655
295,295.0009718830702,0.0005201420331311482
296,296.0009718830702,0.0005189316986139895
297,297.0009718830702,0.0005177277262445181
298,298.0009718830702,0.0005165302427462039
299,299.0009718830702,0.0005153394760675933
300,300.0009718830702,0.0005141556541572331
301,301.0009718830702,0.0005129790049636701
302,302.0009718830702,0.000511809756435451
303,303.0009718830702,0.0005106481365211223
304,304.0009718830702,0.0005094943731692307
305,305.0009718830702,0.000508348694328323
306,306.0009718830702,0.0005072113279469459
307,307.0009718830702,0.0005060825019736457
308,308.0009718830702,0.0005049624263549706
309,309.0009718830702,0.0005038511367281517
310,310.0009718830702,0.0005027485709174347
311,311.0009718830702,0.0005016546656643561
312,312.0009718830702,0.000500569357710453
313,313.0009718830702,0.0004994925837972619
314,314.0009718830702,0.00049842428066632
315,315.0009718830702,0.0004973643850591635
316,316.0009718830702,0.0004963128337173297
317,317.0009718830702,0.000495269563382355
318,318.0009718830702,0.0004942345107957763
319,319.0009718830702,0.0004932076122504691
320,320.0009718830702,0.0004921887746643426
321,321.0009718830702,0.0004911778579532176
322,322.0009718830702,0.000490174717812786
323,323.0009718830702,0.0004891792099387399
324,324.0009718830702,0.0004881911900267709
325,325.0009718830702,0.0004872105137725716
326,326.0009718830702,0.0004862370368718337
327,327.0009718830702,0.00048527061502024924
328,328.0009718830702,0.00048431110391351046
329,329.0009718830702,0.0004833583592473092
330,330.0009718830702,0.00048241223671733745
331,331.0009718830702,0.0004814726069275235
332,332.0009718830702,0.0004805394802577837
333,333.0009718830702,0.000479612943537627
334,334.0009718830702,0.00047869308437505624
335,335.0009718830702,0.0004777799903780742
336,336.0009718830702,0.00047687374915468376
337,337.0009718830702,0.0004759744483128875
338,338.0009718830702,0.0004750821754606886
339,339.0009718830702,0.0004741970182060892
340,340.0009718830702,0.0004733190641570926
341,341.0009718830702,0.0004724484009217014
342,342.0009718830702,0.0004715851160270486
343,343.0009718830702,0.0004707291900192583
344,344.0009718830702,0.0004698802856708208
345,345.0009718830702,0.0004690380070231806
346,346.0009718830702,0.0004682019581177819
347,347.0009718830702,0.0004673717429960693
348,348.0009718830702,0.00046654696569948715
349,349.0009718830702,0.0004657272302694799
350,350.0009718830702,0.000464912140747492
351,351.0009718830702,0.00046410130117496785
352,352.0009718830702,0.00046329431559335185
353,353.0009718830702,0.00046249078804408834
354,354.0009718830702,0.0004616903233482429
355,355.0009718830702,0.0004608927575963316
356,356.0009718830702,0.0004600984798104076
357,357.0009718830702,0.0004593079599092506
358,358.0009718830702,0.00045852166781164006
359,359.0009718830702,0.00045774007343635557
360,360.0009718830702,0.00045696364670217684
361,361.0009718830702,0.00045619285752788346
362,362.0009718830702,0.00045542817583225497
363,363.0009718830702,0.000454670071534071
364,364.0009718830702,0.00045391901455211125
365,365.0009718830702,0.00045317547480515515
366,366.0009718830702,0.0004524399180255265
367,367.0009718830702,0.0004517124064612469
368,368.0009718830702,0.00045099226883260347
369,369.0009718830702,0.00045027875617730185
370,370.0009718830702,0.00044957111953304737
371,371.0009718830702,0.0004488686099375455
372,372.0009718830702,0.000448170478428502
373,373.0009718830702,0.0004474759760436219
374,374.0009718830702,0.0004467843538206109
375,375.0009718830702,0.0004460948627971746
376,376.0009718830702,0.0004454067540110182
377,377.0009718830702,0.0004447192784998472
378,378.0009718830702,0.00044403168730136703
379,379.0009718830702,0.00044334336978222834
380,380.0009718830702,0.0004426544883766382
381,381.0009718830702,0.00044196547394743696
382,382.0009718830702,0.0004412767576242604
383,383.0009718830702,0.00044058877053674406
384,384.0009718830702,0.0004399019438145237
385,385.0009718830702,0.0004392167085872351
386,386.0009718830702,0.00043853349598451394
387,387.0009718830702,0.0004378527371359959
388,388.0009718830702,0.00043717486317131673
389,389.0009718830702,0.00043650030522011214
390,390.0009718830702,0.0004358294944120178
391,391.0009718830702,0.0004351628124569015
392,392.0009718830702,0.0004345001410601376
393,393.0009718830702,0.0004338410715220672
394,394.0009718830702,0.0004331851915629692
395,395.0009718830702,0.00043253208890312234
396,396.0009718830702,0.0004318813512628056
397,397.0009718830702,0.0004312325663622979
398,398.0009718830702,0.0004305853219218782
399,399.0009718830702,0.0004299392056618252
400,400.0009718830702,0.0004292938053024179
401,401.0009718830702,0.00042864870856393523
402,402.0009718830702,0.00042800350316665595
403,403.0009718830702,0.0004273577782770948
404,404.0009718830702,0.00042671134230808707
405,405.0009718830702,0.00042606445564026334
406,406.0009718830702,0.00042541743442970866
407,407.0009718830702,0.0004247705948325081
408,408.0009718830702,0.0004241242530047464
409,409.0009718830702,0.0004234787251025089
410,410.0009718830702,0.0004228343272818802
411,411.0009718830702,0.00042219137569894573
412,412.0009718830702,0.0004215501865097902
413,413.0009718830702,0.0004209110758704989
414,414.0009718830702,0.00042027435993715657
415,415.0009718830702,0.00041964035486584834
416,416.0009718830702,0.0004190093433770098
417,417.0009718830702,0.000418381119470313
418,418.0009718830702,0.0004177551067610258
419,419.0009718830702,0.0004171307196677984
420,420.0009718830702,0.00041650737260928066
421,421.0009718830702,0.0004158844800041231
422,422.0009718830702,0.00041526145627097564
423,423.0009718830702,0.0004146377158284885
424,424.0009718830702,0.0004140126730953116
425,425.0009718830702,0.0004133857424900953
426,426.0009718830702,0.0004127563384314897
427,427.0009718830702,0.0004121238753381447
428,428.0009718830702,0.0004114877676287108
429,429.0009718830702,0.00041084748504301453
430,430.0009718830702,0.00041020315720394343
431,431.0009718830702,0.0004095553475682952
432,432.0009718830702,0.00040890462719635
433,433.0009718830702,0.00040825156714838825
434,434.0009718830702,0.00040759673848468994
435,435.0009718830702,0.0004069407122655354
436,436.0009718830702,0.0004062840595512048
437,437.0009718830702,0.0004056273514019784
438,438.0009718830702,0.0004049711588781363
439,439.0009718830702,0.00040431605303995887
440,440.0009718830702,0.0004036626049477262
441,441.0009718830702,0.0004030113856617184
442,442.0009718830702,0.0004023628727188848
443,443.0009718830702,0.00040171686709235813
444,444.0009718830702,0.00040107287214977513
445,445.0009718830702,0.00040043038997153826
446,446.0009718830702,0.0003997889226380496
447,447.0009718830702,0.00039914797222971165
448,448.0009718830702,0.00039850704082692646
449,449.0009718830702,0.0003978656305100962
450,450.0009718830702,0.0003972232433596235
451,451.0009718830702,0.0003965793814559101
452,452.0009718830702,0.00039593354687935864
453,453.0009718830702,0.0003952852417103713
454,454.0009718830702,0.00039463396802935007
455,455.0009718830702,0.00039397923968417537
456,456.0009718830702,0.0003933209438728266
457,457.0009718830702,0.0003926594090671382
458,458.0009718830702,0.00039199498921026156
459,459.0009718830702,0.00039132803824534816
460,460.0009718830702,0.0003906589101155494
461,461.0009718830702,0.00038998795876401686
462,462.0009718830702,0.000389315538133902
463,463.0009718830702,0.0003886420021683562
464,464.0009718830702,0.000387967704810531
465,465.0009718830702,0.0003872930000035779
466,466.0009718830702,0.0003866182416906483
467,467.0009718830702,0.0003859437838148937
468,468.0009718830702,0.00038526998031462205
469,469.0009718830702,0.00038459710083526313
470,470.0009718830702,0.00038392511603472834
471,471.0009718830702,0.0003832539303105251
472,472.0009718830702,0.0003825834480601614
473,473.0009718830702,0.0003819135736811446
474,474.0009718830702,0.00038124421157098256
475,475.0009718830702,0.0003805752661271831
476,476.0009718830702,0.0003799066417472534
477,477.0009718830702,0.00037923824282870165
478,478.0009718830702,0.00037856997376903523
479,479.0009718830702,0.0003779017389657619
480,480.0009718830702,0.00037723344281638934
481,481.0009718830702,0.0003765649897184251
482,482.0009718830702,0.00037589628465883456
483,483.0009718830702,0.00037522731535085356
484,484.0009718830702,0.00037455823670439305
485,485.0009718830702,0.0003738892237830422
486,486.0009718830702,0.00037322045165039016
487,487.0009718830702,0.00037255209537002634
488,488.0009718830702,0.0003718843300055399
489,489.0009718830702,0.00037121733062051997
490,490.0009718830702,0.000370551272278556
491,491.0009718830702,0.0003698863300432369
492,492.0009718830702,0.0003692226789781521
493,493.0009718830702,0.0003685604941468907
494,494.0009718830702,0.00036789995061304204
495,495.0009718830702,0.0003672412234401952
496,496.0009718830702,0.0003665844872805051
497,497.0009718830702,0.0003659298530581882
498,498.0009718830702,0.0003652772996132261
499,499.0009718830702,0.0003646267893812396
500,500.0009718830702,0.00036397828479784914
501,501.0009718830702,0.00036333174829867524
502,502.0009718830702,0.00036268714231933844
503,503.0009718830702,0.00036204442929545916
504,504.0009718830702,0.0003614035716626583
505,505.0009718830702,0.00036076453185655616
506,506.0009718830702,0.00036012727231277315
507,507.0009718830702,0.0003594917554669301
508,508.0009718830702,0.0003588579437546475
509,509.0009718830702,0.0003582257996115457
510,510.0009718830702,0.0003575952854732455
511,511.0009718830702,0.0003569663705607501
512,512.0009718830702,0.00035633907579335033
513,513.0009718830702,0.00035571344588241927
514,514.0009718830702,0.00035508952566552
515,515.0009718830702,0.0003544673599802164
516,516.0009718830702,0.00035384699366407165
517,517.0009718830702,0.0003532284715546493
518,518.0009718830702,0.00035261183848951265
519,519.0009718830702,0.0003519971393062254
520,520.0009718830702,0.00035138441884235093
521,521.0009718830702,0.0003507737219354526
522,522.0009718830702,0.00035016509342309385
523,523.0009718830702,0.0003495585781428382
524,524.0009718830702,0.00034895422093224923
525,525.0009718830702,0.0003483520666114587
526,526.0009718830702,0.00034775215609853964
527,527.0009718830702,0.0003471545215018555
528,528.0009718830702,0.00034655919372151883
529,529.0009718830702,0.0003459662036576425
530,530.0009718830702,0.0003453755822103393
531,531.0009718830702,0.00034478736027972185
532,532.0009718830702,0.0003442015687659028
533,533.0009718830702,0.000343618238568995
534,534.0009718830702,0.00034303740058911123
535,535.0009718830702,0.00034245908572636414
536,536.0009718830702,0.0003418833248808664
537,537.0009718830702,0.0003413101489527308
538,538.0009718830702,0.0003407395888420702
539,539.0009718830702,0.00034017167544899703
540,540.0009718830702,0.0003396064404103833
541,541.0009718830702,0.00033904392634370885
542,542.0009718830702,0.0003384841842971601
543,543.0009718830702,0.0003379272655345126
544,544.0009718830702,0.0003373732213195422
545,545.0009718830702,0.0003368221029160243
546,546.0009718830702,0.0003362739615877348
547,547.0009718830702,0.00033572884859844925
548,548.0009718830702,0.00033518681521194326
549,549.0009718830702,0.00033464791269199266
550,550.0009718830702,0.0003341121923023729
551,551.0009718830702,0.00033357970530685987
552,552.0009718830702,0.00033305050296922903
553,553.0009718830702,0.00033252463655325624
554,554.0009718830702,0.00033200215732271196
555,555.0009718830702,0.0003314830946677558
556,556.0009718830702,0.000330967392088564
557,557.0009718830702,0.00033045497200660383
558,558.0009718830702,0.00032994575684334234
559,559.0009718830702,0.00032943966902024665
560,560.0009718830702,0.0003289366309587838
561,561.0009718830702,0.000328436565080421
562,562.0009718830702,0.00032793939380662535
563,563.0009718830702,0.000327445039558864
564,564.0009718830702,0.000326953424758604
565,565.0009718830702,0.0003264644718273125
566,566.0009718830702,0.00032597810318645655
567,567.0009718830702,0.00032549424125750335
568,568.0009718830702,0.00032501280846192
569,569.0009718830702,0.00032453372881251463
570,570.0009718830702,0.0003240569842362602
571,571.0009718830702,0.00032358262968453346
572,572.0009718830702,0.00032311072477310757
573,573.0009718830702,0.00032264132911775565
574,574.0009718830702,0.00032217450233425096
575,575.0009718830702,0.00032171030403836665
576,576.0009718830702,0.00032124879384587575
577,577.0009718830702,0.0003207900313725515
578,578.0009718830702,0.0003203340762341672
579,579.0009718830702,0.00031988098804649595
580,580.0009718830702,0.0003194308264253108
581,581.0009718830702,0.0003189836509863849
582,582.0009718830702,0.0003185395213454916
583,583.0009718830702,0.0003180984971184039
584,584.0009718830702,0.0003176606338682428
585,585.0009718830702,0.0003172259587403601
586,586.0009718830702,0.00031679448671956603
587,587.0009718830702,0.00031636623274463287
588,588.0009718830702,0.0003159412117543328
589,589.0009718830702,0.00031551943868743826
590,590.0009718830702,0.00031510092848272155
591,591.0009718830702,0.00031468569607895466
592,592.0009718830702,0.0003142737564149102
593,593.0009718830702,0.00031386512442936024
594,594.0009718830702,0.0003134598150610771
595,595.0009718830702,0.0003130578432488331
596,596.0009718830702,0.00031265922393140035
597,597.0009718830702,0.0003122639720475514
598,598.0009718830702,0.0003118721026301441
599,599.0009718830702,0.0003114836461390361
600,600.0009718830702,0.0003110986654618665
601,601.0009718830702,0.00031071722758098125
602,602.0009718830702,0.0003103393994787268
603,603.0009718830702,0.0003099652481374491
604,604.0009718830702,0.0003095948405394944
605,605.0009718830702,0.0003092282436672087
606,606.0009718830702,0.0003088655245029382
607,607.0009718830702,0.00030850675002902907
608,608.0009718830702,0.0003081519872278273
609,609.0009718830702,0.00030780130308167924
610,610.0009718830702,0.0003074547645729308
611,611.0009718830702,0.00030711243868392844
612,612.0009718830702,0.0003067743923970179
613,613.0009718830702,0.0003064406874773318
614,614.0009718830702,0.00030611131525184115
615,615.0009718830702,0.0003057862164778853
616,616.0009718830702,0.0003054653308065956
617,617.0009718830702,0.0003051485978891027
618,618.0009718830702,0.00030483595737653785
619,619.0009718830702,0.0003045273489200319
620,620.0009718830702,0.00030422271217071605
621,621.0009718830702,0.0003039219867797211
622,622.0009718830702,0.00030362511239817835
623,623.0009718830702,0.00030333202867721855
624,624.0009718830702,0.00030304267526797283
625,625.0009718830702,0.00030275699182157235
626,626.0009718830702,0.0003024749179891478
627,627.0009718830702,0.00030219639342313285
628,628.0009718830702,0.0003019214038455838
629,629.0009718830702,0.00030165010269851136
630,630.0009718830702,0.0003013826815801866
631,631.0009718830702,0.0003011193320888808
632,632.0009718830702,0.00030086024582286534
633,633.0009718830702,0.00030060561438041125
634,634.0009718830702,0.0003003556293597898
635,635.0009718830702,0.00030011048235927234
636,636.0009718830702,0.00029987036497712983
637,637.0009718830702,0.0002996354688116338
638,638.0009718830702,0.0002994059854610553
639,639.0009718830702,0.00029918210652366554
640,640.0009718830702,0.00029896402359773583
641,641.0009718830702,0.00029875192828153734
642,642.0009718830702,0.00029854600686774656
643,643.0009718830702,0.0002983462777887747
644,644.0009718830702,0.0002981525613480575
645,645.0009718830702,0.0002979646664374869
646,646.0009718830702,0.00029778240194895493
647,647.0009718830702,0.00029760557677435315
648,648.0009718830702,0.0002974339998055737
649,649.0009718830702,0.0002972674799345086
650,650.0009718830702,0.0002971058260530495
651,651.0009718830702,0.0002969488470530885
652,652.0009718830702,0.0002967963518265174
653,653.0009718830702,0.00029664814926522816
654,654.0009718830702,0.0002965040482611126
655,655.0009718830702,0.0002963638577060628
656,656.0009718830702,0.0002962273864919706
657,657.0009718830702,0.0002960944763046771
658,658.0009718830702,0.0002959651813832509
659,659.0009718830702,0.0002958396407018179
660,660.0009718830702,0.0002957179934540515
661,661.0009718830702,0.0002956003788336249
662,662.0009718830702,0.0002954869360342119
663,663.0009718830702,0.0002953778042494854
664,664.0009718830702,0.00029527312267311914
665,665.0009718830702,0.00029517303049878625
666,666.0009718830702,0.0002950776669201603
667,667.0009718830702,0.0002949871711309145
668,668.0009718830702,0.0002949016823247223
669,669.0009718830702,0.0002948213396952572
670,670.0009718830702,0.00029474628243619235
671,671.0009718830702,0.00029467664896000104
672,672.0009718830702,0.0002946124798053347
673,673.0009718830702,0.0002945536235971204
674,674.0009718830702,0.0002944999066533136
675,675.0009718830702,0.0002944511552918698
676,676.0009718830702,0.0002944071958307446
677,677.0009718830702,0.00029436785458789337
678,678.0009718830702,0.0002943329578812717
679,679.0009718830702,0.0002943023320288351
680,680.0009718830702,0.00029427580334853915
681,681.0009718830702,0.0002942531981583393
682,682.0009718830702,0.00029423434277619115
683,683.0009718830702,0.0002942190635200502
684,684.0009718830702,0.0002942071867078718
685,685.0009718830702,0.0002941985386576117
686,686.0009718830702,0.0002941929551042676
687,687.0009718830702,0.000294190387490075
688,688.0009718830702,0.00029419086497805327
689,689.0009718830702,0.00029419441817179917
690,690.0009718830702,0.0002942010776749095
691,691.0009718830702,0.00029421087409098096
692,692.0009718830702,0.00029422383802361034
693,693.0009718830702,0.00029424000007639454
694,694.0009718830702,0.00029425939085293016
695,695.0009718830702,0.00029428204095681415
696,696.0009718830702,0.00029430798099164333
697,697.0009718830702,0.00029433724156101434
698,698.0009718830702,0.0002943698532685241
699,699.0009718830702,0.0002944058467177693
700,700.0009718830702,0.00029444525250985905
701,701.0009718830702,0.00029448808508057646
702,702.0009718830702,0.00029453430427301693
703,703.0009718830702,0.00029458385841745204
704,704.0009718830702,0.00029463669584415354
705,705.0009718830702,0.00029469276488339294
706,706.0009718830702,0.00029475201386544185
707,707.0009718830702,0.0002948143911205719
708,708.0009718830702,0.00029487984497905467
709,709.0009718830702,0.00029494832377116175
710,710.0009718830702,0.00029501977582716476
711,711.0009718830702,0.0002950941494773353
712,712.0009718830702,0.00029517139305194515
713,713.0009718830702,0.00029525145488126564
714,714.0009718830702,0.0002953342832955685
715,715.0009718830702,0.0002954198263290246
716,716.0009718830702,0.00029550802379497304
717,717.0009718830702,0.0002955988064163883
718,718.0009718830702,0.00029569210444568595
719,719.0009718830702,0.00029578784813528183
720,720.0009718830702,0.0002958859677375916
721,721.0009718830702,0.0002959863935050309
722,722.0009718830702,0.00029608905569001535
723,723.0009718830702,0.000296193884544961
724,724.0009718830702,0.000296300810322283
725,725.0009718830702,0.00029640976327439754
726,726.0009718830702,0.00029652067365372
727,727.0009718830702,0.00029663347171266614
728,728.0009718830702,0.0002967480877036518
729,729.0009718830702,0.00029686445187909245
730,730.0009718830702,0.00029698249906043897
731,731.0009718830702,0.0002971021914577512
732,732.0009718830702,0.0002972235014404423
733,733.0009718830702,0.0002973464013946231
734,734.0009718830702,0.00029747086370640445
735,735.0009718830702,0.00029759686076189727
736,736.0009718830702,0.0002977243649472122
737,737.0009718830702,0.00029785334864846047
738,738.0009718830702,0.0002979837842517525
739,739.0009718830702,0.00029811564414319945
740,740.0009718830702,0.0002982489007089122
741,741.0009718830702,0.00029838352633500145
742,742.0009718830702,0.00029851949340757827
743,743.0009718830702,0.0002986567743127533
744,744.0009718830702,0.00029879534140620444
745,745.0009718830702,0.000298935164040967
746,746.0009718830702,0.00029907620607244113
747,747.0009718830702,0.0002992184307686221
748,748.0009718830702,0.000299361801397505
749,749.0009718830702,0.00029950628122708557
750,750.0009718830702,0.000299651833525359
751,751.0009718830702,0.0002997984215603206
752,752.0009718830702,0.00029994600859996557
753,753.0009718830702,0.00030009455791228955
754,754.0009718830702,0.0003002440327652877
755,755.0009718830702,0.00030039439642695533
756,756.0009718830702,0.00030054561216528785
757,757.0009718830702,0.0003006976432482806
758,758.0009718830702,0.00030085045294392886
759,759.0009718830702,0.0003010040000022949
760,760.0009718830702,0.0003011581925019927
761,761.0009718830702,0.0003013129066877012
762,762.0009718830702,0.000301468018310754
763,763.0009718830702,0.0003016234031224851
764,764.0009718830702,0.0003017789368742286
765,765.0009718830702,0.0003019344953173182
766,766.0009718830702,0.0003020899542030878
767,767.0009718830702,0.00030224518928287163
768,768.0009718830702,0.0003024000763080032
769,769.0009718830702,0.0003025544910298166
770,770.0009718830702,0.00030270830919964587
771,771.0009718830702,0.00030286140656882475
772,772.0009718830702,0.0003030136588886872
773,773.0009718830702,0.0003031649419303171
774,774.0009718830702,0.00030331517687087804
775,775.0009718830702,0.0003034644271598054
776,776.0009718830702,0.0003036127840375637
777,777.0009718830702,0.00030376033874461746
778,778.0009718830702,0.0003039071825214311
779,779.0009718830702,0.00030405340660846926
780,780.0009718830702,0.0003041991022461966
781,781.0009718830702,0.0003043443606750775
782,782.0009718830702,0.00030448927313557646
783,783.0009718830702,0.000304633930868158
784,784.0009718830702,0.00030477842511328676
785,785.0009718830702,0.00030492284711142723
786,786.0009718830702,0.00030506728810304393
787,787.0009718830702,0.00030521183932860136
788,788.0009718830702,0.00030535658686227184
789,789.0009718830702,0.0003055014905380974
790,790.0009718830702,0.00030564637968749886
791,791.0009718830702,0.0003057910776228113
792,792.0009718830702,0.0003059354076563701
793,793.0009718830702,0.0003060791931005103
794,794.0009718830702,0.00030622225726756737
795,795.0009718830702,0.00030636442346987657
796,796.0009718830702,0.0003065055150197731
797,797.0009718830702,0.00030664535522959214
798,798.0009718830702,0.0003067837674116691
799,799.0009718830702,0.0003069205748783391
800,800.0009718830702,0.0003070556009419375
801,801.0009718830702,0.0003071886689147996
802,802.0009718830702,0.0003073196021092605
803,803.0009718830702,0.00030744825227315667
804,804.0009718830702,0.0003075746285983605
805,805.0009718830702,0.00030769879446326267
806,806.0009718830702,0.0003078208132961919
807,807.0009718830702,0.00030794074852547737
808,808.0009718830702,0.00030805866357944774
809,809.0009718830702,0.00030817462188643214
810,810.0009718830702,0.00030828868687475937
811,811.0009718830702,0.0003084009219727583
812,812.0009718830702,0.00030851139060875793
813,813.0009718830702,0.0003086201562110871
814,814.0009718830702,0.0003087272822080747
815,815.0009718830702,0.0003088328320280497
816,816.0009718830702,0.000308936869099341
817,817.0009718830702,0.0003090394565565599
818,818.0009718830702,0.00030914063434808037
819,819.0009718830702,0.0003092404028568856
820,820.0009718830702,0.0003093387586002054
821,821.0009718830702,0.00030943569809526995
822,822.0009718830702,0.00030953121785930876
823,823.0009718830702,0.0003096253144095517
824,824.0009718830702,0.0003097179842632289
825,825.0009718830702,0.0003098092239375699
826,826.0009718830702,0.00030989902994980466
827,827.0009718830702,0.00030998739881716306
828,828.0009718830702,0.0003100743270568749
829,829.0009718830702,0.0003101598111861701
830,830.0009718830702,0.00031024384772227853
831,831.0009718830702,0.0003103264331824299
832,832.0009718830702,0.00031040756458435194
833,833.0009718830702,0.0003104872440664953
834,834.0009718830702,0.0003105654767673598
835,835.0009718830702,0.00031064226786341794
836,836.0009718830702,0.00031071762253114253
837,837.0009718830702,0.00031079154594700596
838,838.0009718830702,0.00031086404328748053
839,839.0009718830702,0.00031093511972903927
840,840.0009718830702,0.00031100478044815454
841,841.0009718830702,0.0003110730306212988
842,842.0009718830702,0.0003111398754249449
843,843.0009718830702,0.00031120532003556505
844,844.0009718830702,0.0003112693696296321
845,845.0009718830702,0.00031133202938361836
846,846.0009718830702,0.0003113933044647806
847,847.0009718830702,0.00031145319005217235
848,848.0009718830702,0.0003115116523071063
849,849.0009718830702,0.0003115686521508303
850,850.0009718830702,0.0003116241505045927
851,851.0009718830702,0.00031167810828964127
852,852.0009718830702,0.00031173048642722426
853,853.0009718830702,0.0003117812458385897
854,854.0009718830702,0.0003118303474449854
855,855.0009718830702,0.0003118777521676598
856,856.0009718830702,0.0003119234209278606
857,857.0009718830702,0.00031196731464683595
858,858.0009718830702,0.00031200939424583387
859,859.0009718830702,0.00031204962064610244
860,860.0009718830702,0.0003120879547688897
861,861.0009718830702,0.0003121243600359968
862,862.0009718830702,0.0003121588540938105
863,863.0009718830702,0.0003121915070471285
864,864.0009718830702,0.0003122223911479447
865,865.0009718830702,0.0003122515786482531
866,866.0009718830702,0.00031227914180004767
867,867.0009718830702,0.00031230515285532223
868,868.0009718830702,0.0003123296840660709
869,869.0009718830702,0.0003123528076842878
870,870.0009718830702,0.00031237459596196655
871,871.0009718830702,0.0003123951211511014
872,872.0009718830702,0.000312414455503686
873,873.0009718830702,0.00031243267127171483
874,874.0009718830702,0.0003124498407071813
875,875.0009718830702,0.0003124660360620798
876,876.0009718830702,0.00031248131532369574
877,877.0009718830702,0.0003124956633806284
878,878.0009718830702,0.0003125090417695986
879,879.0009718830702,0.0003125214120170574
880,880.0009718830702,0.0003125327356494549
881,881.0009718830702,0.00031254297419324226
882,882.0009718830702,0.00031255208917487
883,883.0009718830702,0.0003125600421207887
884,884.0009718830702,0.0003125667945574492
885,885.0009718830702,0.00031257230801130223
886,886.0009718830702,0.00031257654400879836
887,887.0009718830702,0.0003125794640763882
888,888.0009718830702,0.00031258102974052263
889,889.0009718830702,0.00031258120252765224
890,890.0009718830702,0.0003125799445777359
891,891.0009718830702,0.00031257725782253613
892,892.0009718830702,0.00031257320764933
893,893.0009718830702,0.00031256786511719064
894,894.0009718830702,0.00031256130128519107
895,895.0009718830702,0.0003125535872124043
896,896.0009718830702,0.0003125447939579034
897,897.0009718830702,0.00031253499258076134
898,898.0009718830702,0.00031252425414005113
899,899.0009718830702,0.0003125126496948459
900,900.0009718830702,0.00031250025030421844
901,901.0009718830702,0.00031248712702724204
902,902.0009718830702,0.00031247335092298947
903,903.0009718830702,0.000312458993050534
904,904.0009718830702,0.00031244412446894854
905,905.0009718830702,0.000312428810445689
906,906.0009718830702,0.0003124130618952064
907,907.0009718830702,0.0003123968599810418
908,908.0009718830702,0.00031238018556300736
909,909.0009718830702,0.00031236301950091544
910,910.0009718830702,0.0003123453426545782
911,911.0009718830702,0.00031232713588380794
912,912.0009718830702,0.00031230838004841686
913,913.0009718830702,0.00031228905600821726
914,914.0009718830702,0.0003122691446230214
915,915.0009718830702,0.00031224862675264137
916,916.0009718830702,0.00031222748325688963
917,917.0009718830702,0.0003122056949955783
918,918.0009718830702,0.0003121832428285196
919,919.0009718830702,0.0003121601076303152
920,920.0009718830702,0.00031213627944987353
921,921.0009718830702,0.0003121117731382664
922,922.0009718830702,0.0003120866076965143
923,923.0009718830702,0.00031206080212563806
924,924.0009718830702,0.0003120343754266583
925,925.0009718830702,0.0003120073466005952
926,926.0009718830702,0.0003119797346484697
927,927.0009718830702,0.00031195155857130237
928,928.0009718830702,0.00031192283737011375
929,929.0009718830702,0.0003118935900459244
930,930.0009718830702,0.00031186383559975476
931,931.0009718830702,0.0003118335930326258
932,932.0009718830702,0.0003118028813455577
933,933.0009718830702,0.00031177171953957123
934,934.0009718830702,0.0003117401291471462
935,935.0009718830702,0.000311708180828094
936,936.0009718830702,0.0003116759897917097
937,937.0009718830702,0.0003116436728604312
938,938.0009718830702,0.00031161134685669587
939,939.0009718830702,0.00031157912860294164
940,940.0009718830702,0.00031154713492160624
941,941.0009718830702,0.00031151548263512707
942,942.0009718830702,0.00031148428856594214
943,943.0009718830702,0.0003114536695364889
944,944.0009718830702,0.00031142374236920513
945,945.0009718830702,0.00031139462388652853
946,946.0009718830702,0.0003113664309108968
947,947.0009718830702,0.0003113392802647476
948,948.0009718830702,0.0003113132887705186
949,949.0009718830702,0.00031128854409637294
950,950.0009718830702,0.000311264995238377
951,951.0009718830702,0.00031124255000626166
952,952.0009718830702,0.00031122111620309064
953,953.0009718830702,0.000311200601631928
954,954.0009718830702,0.00031118091409583753
955,955.0009718830702,0.0003111619613978831
956,956.0009718830702,0.00031114365134112855
957,957.0009718830702,0.0003111258917286377
958,958.0009718830702,0.00031110859036347446
959,959.0009718830702,0.00031109165504870267
960,960.0009718830702,0.0003110749935873863
961,961.0009718830702,0.000311058513782589
962,962.0009718830702,0.0003110421234373747
963,963.0009718830702,0.00031102573179036554
964,964.0009718830702,0.0003110093260438128
965,965.0009718830702,0.00031099300976632856
966,966.0009718830702,0.0003109768960309354
967,967.0009718830702,0.000310961097910656
968,968.0009718830702,0.00031094572847851267
969,969.0009718830702,0.0003109309008075279
970,970.0009718830702,0.00031091672797072434
971,971.0009718830702,0.0003109033230411244
972,972.0009718830702,0.00031089079909175064
973,973.0009718830702,0.0003108792691956255
974,974.0009718830702,0.00031086884642577155
975,975.0009718830702,0.0003108596438552112
976,976.0009718830702,0.00031085177455696713
977,977.0009718830702,0.0003108453516040617
978,978.0009718830702,0.00031084048133702633
979,979.0009718830702,0.00031083721201290154
980,980.0009718830702,0.00031083556219844185
981,981.0009718830702,0.0003108355502214167
982,982.0009718830702,0.00031083719440959547
983,983.0009718830702,0.0003108405130907476
984,984.0009718830702,0.0003108455245926427
985,985.0009718830702,0.00031085224724304984
986,986.0009718830702,0.0003108606993697386
987,987.0009718830702,0.0003108708993004784
988,988.0009718830702,0.00031088286536303867
989,989.0009718830702,0.0003108966158851889
990,990.0009718830702,0.0003109121691946982
991,991.0009718830702,0.00031092954361933617
992,992.0009718830702,0.00031094875746096214
993,993.0009718830702,0.0003109698188943574
994,994.0009718830702,0.0003109927106357091
995,995.0009718830702,0.00031101741146391385
996,996.0009718830702,0.0003110439001578687
997,997.0009718830702,0.0003110721554964703
998,998.0009718830702,0.00031110215625861553
999,999.0009718830702,0.00031113388122320113
1000,1000.0009718830702,0.0003111673091691239
1001,1001.0009718830702,0.00031120241887528066
1002,1002.0009718830702,0.0003112391891205681
1003,1003.0009718830702,0.0003112775986838831
1004,1004.0009718830702,0.00031131762634412254
1005,1005.0009718830702,0.0003113592508801829
1006,1006.0009718830702,0.00031140245107096136
1007,1007.0009718830702,0.00031144720590841766
1008,1008.0009718830702,0.0003114934980937144
1009,1009.0009718830702,0.0003115413134758376
1010,1010.0009718830702,0.00031159063800361147
1011,1011.0009718830702,0.0003116414576258603
1012,1012.0009718830702,0.0003116937582914083
1013,1013.0009718830702,0.00031174752594907983
1014,1014.0009718830702,0.00031180274654769917
1015,1015.0009718830702,0.00031185940603609054
1016,1016.0009718830702,0.00031191749036307836
1017,1017.0009718830702,0.0003119769854774868
1018,1018.0009718830702,0.00031203787732814
1019,1019.0009718830702,0.0003121001518638624
1020,1020.0009718830702,0.00031216379503347835
1021,1021.0009718830702,0.00031222879278581205
1022,1022.0009718830702,0.0003122951361309738
1023,1023.0009718830702,0.00031236283838386396
1024,1024.0009718830702,0.0003124319190018206
1025,1025.0009718830702,0.00031250239744236915
1026,1026.0009718830702,0.0003125742931630352
1027,1027.0009718830702,0.00031264762562134443
1028,1028.0009718830702,0.00031272241427482254
1029,1029.0009718830702,0.0003127986785809949
1030,1030.0009718830702,0.0003128764379973873
1031,1031.0009718830702,0.00031295571198152535
1032,1032.0009718830702,0.00031303651999093447
1033,1033.0009718830702,0.00031311888148314037
1034,1034.0009718830702,0.00031320281591566874
1035,1035.0009718830702,0.000313288342746045
1036,1036.0009718830702,0.0003133754806929454
1037,1037.0009718830702,0.00031346421456919754
1038,1038.0009718830702,0.00031355448188501725
1039,1039.0009718830702,0.0003136462166389449
1040,1040.0009718830702,0.0003137393528295211
1041,1041.0009718830702,0.0003138338244552859
1042,1042.0009718830702,0.0003139295655147802
1043,1043.0009718830702,0.0003140265100065443
1044,1044.0009718830702,0.00031412459192911845
1045,1045.0009718830702,0.00031422374528104324
1046,1046.0009718830702,0.00031432390406085914
1047,1047.0009718830702,0.0003144250022671063
1048,1048.0009718830702,0.0003145269738983255
1049,1049.0009718830702,0.0003146297529530571
1050,1050.0009718830702,0.00031473327342984136
1051,1051.0009718830702,0.00031483747344477416
1052,1052.0009718830702,0.0003149423237703171
1053,1053.0009718830702,0.0003150478107340081
1054,1054.0009718830702,0.00031515392075873524
1055,1055.0009718830702,0.000315260640267387
1056,1056.0009718830702,0.00031536795568285164
1057,1057.0009718830702,0.00031547585342801756
1058,1058.0009718830702,0.0003155843199257729
1059,1059.0009718830702,0.0003156933415990061
1060,1060.0009718830702,0.0003158029048706055
1061,1061.0009718830702,0.0003159129961634592
1062,1062.0009718830702,0.00031602360190045566
1063,1063.0009718830702,0.0003161347085044832
1064,1064.0009718830702,0.0003162463023984301
1065,1065.0009718830702,0.0003163583699809036
1066,1066.0009718830702,0.0003164708912304748
1067,1067.0009718830702,0.0003165838311198363
1068,1068.0009718830702,0.00031669715248121305
1069,1069.0009718830702,0.00031681081814683023
1070,1070.0009718830702,0.0003169247909489126
1071,1071.0009718830702,0.0003170390337196853
1072,1072.0009718830702,0.0003171535092913735
1073,1073.0009718830702,0.00031726818049620197
1074,1074.0009718830702,0.0003173830101663959
1075,1075.0009718830702,0.00031749796113418035
1076,1076.0009718830702,0.0003176129962317802
1077,1077.0009718830702,0.00031772807829142063
1078,1078.0009718830702,0.00031784317014532665
1079,1079.0009718830702,0.00031795823462572317
1080,1080.0009718830702,0.00031807323703936604
1081,1081.0009718830702,0.00031818818148013274
1082,1082.0009718830702,0.0003183031028272965
1083,1083.0009718830702,0.0003184180368074876
1084,1084.0009718830702,0.00031853301914733576
1085,1085.0009718830702,0.0003186480855734714
1086,1086.0009718830702,0.00031876327181252454
1087,1087.0009718830702,0.0003188786135911251
1088,1088.0009718830702,0.0003189941466359034
1089,1089.0009718830702,0.0003191099066734894
1090,1090.0009718830702,0.0003192259294305132
1091,1091.0009718830702,0.0003193422506336049
1092,1092.0009718830702,0.0003194589060093945
1093,1093.0009718830702,0.0003195759312845124
1094,1094.0009718830702,0.0003196933621855884
1095,1095.0009718830702,0.0003198112087318901
1096,1096.0009718830702,0.00031992937602597435
1097,1097.0009718830702,0.00032004774240885564
1098,1098.0009718830702,0.0003201661862215414
1099,1099.0009718830702,0.0003202845858050384
1100,1100.0009718830702,0.0003204028195003538
1101,1101.0009718830702,0.00032052076564849456
1102,1102.0009718830702,0.0003206383025904675
1103,1103.0009718830702,0.00032075530866728015
1104,1104.0009718830702,0.0003208716622199391
1105,1105.0009718830702,0.0003209872415894515
1106,1106.0009718830702,0.00032110192511682447
1107,1107.0009718830702,0.0003212155911430649
1108,1108.0009718830702,0.00032132811800917997
1109,1109.0009718830702,0.00032143938665924246
1110,1110.0009718830702,0.00032154938039387137
1111,1111.0009718830702,0.000321658216154841
1112,1112.0009718830702,0.00032176601988375276
1113,1113.0009718830702,0.0003218729175222085
1114,1114.0009718830702,0.00032197903501180976
1115,1115.0009718830702,0.00032208449829415836
1116,1116.0009718830702,0.0003221894333108557
1117,1117.0009718830702,0.0003222939660035035
1118,1118.0009718830702,0.0003223982223137035
1119,1119.0009718830702,0.0003225023281830573
1120,1120.0009718830702,0.0003226064095531665
1121,1121.0009718830702,0.00032271059236563276
1122,1122.0009718830702,0.0003228150025620578
1123,1123.0009718830702,0.0003229197660840432
1124,1124.0009718830702,0.00032302498541501173
1125,1125.0009718830702,0.0003231305913553414
1126,1126.0009718830702,0.0003232364384119829
1127,1127.0009718830702,0.0003233423807458367
1128,1128.0009718830702,0.0003234482725178036
1129,1129.0009718830702,0.0003235539678887844
1130,1130.0009718830702,0.00032365932101967944
1131,1131.0009718830702,0.00032376418607139
1132,1132.0009718830702,0.000323868417204816
1133,1133.0009718830702,0.0003239718685808587
1134,1134.0009718830702,0.00032407439436041866
1135,1135.0009718830702,0.0003241758487043965
1136,1136.0009718830702,0.0003242760857736928
1137,1137.0009718830702,0.0003243749597292084
1138,1138.0009718830702,0.0003244723250931964
1139,1139.0009718830702,0.0003245681057614152
1140,1140.0009718830702,0.0003246623770012774
1141,1141.0009718830702,0.00032475523404352754
1142,1142.0009718830702,0.0003248467721189101
1143,1143.0009718830702,0.00032493708645816937
1144,1144.0009718830702,0.00032502627229205003
1145,1145.0009718830702,0.00032511442485129633
1146,1146.0009718830702,0.0003252016393666528
1147,1147.0009718830702,0.0003252880110688639
1148,1148.0009718830702,0.00032537363518867407
1149,1149.0009718830702,0.0003254586069568277
1150,1150.0009718830702,0.0003255430216040693
1151,1151.0009718830702,0.00032562697436114334
1152,1152.0009718830702,0.0003257105604587942
1153,1153.0009718830702,0.00032579386869444125
1154,1154.0009718830702,0.00032587689636400544
1155,1155.0009718830702,0.0003259595726832071
1156,1156.0009718830702,0.00032604182524744515
1157,1157.0009718830702,0.00032612358165211877
1158,1158.0009718830702,0.000326204769492627
1159,1159.0009718830702,0.00032628531636436905
1160,1160.0009718830702,0.0003263651498627442
1161,1161.0009718830702,0.00032644419758315113
1162,1162.0009718830702,0.0003265223871209894
1163,1163.0009718830702,0.000326599646071658
1164,1164.0009718830702,0.000326675902030556
1165,1165.0009718830702,0.0003267510825930825
1166,1166.0009718830702,0.0003268251153546367
1167,1167.0009718830702,0.00032689792791077424
1168,1168.0009718830702,0.0003269694765613618
1169,1169.0009718830702,0.00032703982641567683
1170,1170.0009718830702,0.0003271090683611985
1171,1171.0009718830702,0.0003271772932854057
1172,1172.0009718830702,0.0003272445920757774
1173,1173.0009718830702,0.0003273110556197929
1174,1174.0009718830702,0.000327376774804931
1175,1175.0009718830702,0.0003274418405186708
1176,1176.0009718830702,0.0003275063436484914
1177,1177.0009718830702,0.000327570375081872
1178,1178.0009718830702,0.00032763402570629136
1179,1179.0009718830702,0.0003276973864092286
1180,1180.0009718830702,0.00032776054807816274
1181,1181.0009718830702,0.00032782360160057305
1182,1182.0009718830702,0.0003278866355204006
1183,1183.0009718830702,0.00032794965856435085
1184,1184.0009718830702,0.0003280125818686464
1185,1185.0009718830702,0.00032807531062622477
1186,1186.0009718830702,0.0003281377500300238
1187,1187.0009718830702,0.0003281998052729814
1188,1188.0009718830702,0.0003282613815480351
1189,1189.0009718830702,0.0003283223840481228
1190,1190.0009718830702,0.0003283827179661822
1191,1191.0009718830702,0.0003284422884951512
1192,1192.0009718830702,0.0003285010008279674
1193,1193.0009718830702,0.0003285587601575687
1194,1194.0009718830702,0.0003286154716768929
1195,1195.0009718830702,0.0003286710405788776
1196,1196.0009718830702,0.00032872537205646065
1197,1197.0009718830702,0.00032877839016816904
1198,1198.0009718830702,0.00032883014644092244
1199,1199.0009718830702,0.0003288807451674023
1200,1200.0009718830702,0.00032893029080873675
1201,1201.0009718830702,0.000328978887826054
1202,1202.0009718830702,0.0003290266406804821
1203,1203.0009718830702,0.0003290736538331493
1204,1204.0009718830702,0.0003291200317451835
1205,1205.0009718830702,0.000329165878877713
1206,1206.0009718830702,0.00032921129969186593
1207,1207.0009718830702,0.00032925639864877045
1208,1208.0009718830702,0.00032930128020955456
1209,1209.0009718830702,0.00032934604883534647
1210,1210.0009718830702,0.0003293908089872744
1211,1211.0009718830702,0.00032943566479477597
1212,1212.0009718830702,0.0003294806728691453
1213,1213.0009718830702,0.00032952579326957736
1214,1214.0009718830702,0.00032957097434271177
1215,1215.0009718830702,0.0003296161644351885
1216,1216.0009718830702,0.0003296613118936474
1217,1217.0009718830702,0.00032970636506472815
1218,1218.0009718830702,0.00032975127229507064
1219,1219.0009718830702,0.00032979598193131476
1220,1220.0009718830702,0.00032984044232010033
1221,1221.0009718830702,0.00032988460180806715
1222,1222.0009718830702,0.00032992840874185514
1223,1223.0009718830702,0.00032997181146810395
1224,1224.0009718830702,0.00033001475833345365
1225,1225.0009718830702,0.0003300571976845439
1226,1226.0009718830702,0.0003300990793984926
1227,1227.0009718830702,0.00033014037307632367
1228,1228.0009718830702,0.00033018106202605457
1229,1229.0009718830702,0.0003302211298326127
1230,1230.0009718830702,0.0003302605600809254
1231,1231.0009718830702,0.0003302993363559198
1232,1232.0009718830702,0.00033033744224252373
1233,1233.0009718830702,0.00033037486132566447
1234,1234.0009718830702,0.0003304115771902693
1235,1235.0009718830702,0.0003304475734212656
1236,1236.0009718830702,0.00033048283360358075
1237,1237.0009718830702,0.0003305173413221423
1238,1238.0009718830702,0.00033055108016187757
1239,1239.0009718830702,0.0003305840337077139
1240,1240.0009718830702,0.0003306161855452815
1241,1241.0009718830702,0.0003306475286965425
1242,1242.0009718830702,0.0003306780892785247
1243,1243.0009718830702,0.00033070790065962356
1244,1244.0009718830702,0.00033073699620823335
1245,1245.0009718830702,0.00033076540929274906
1246,1246.0009718830702,0.00033079317328156533
1247,1247.0009718830702,0.00033082032154307716
1248,1248.0009718830702,0.00033084688744567905
1249,1249.0009718830702,0.000330872904357766
1250,1250.0009718830702,0.0003308984056477324
1251,1251.0009718830702,0.0003309234246839735
1252,1252.0009718830702,0.0003309479948348838
1253,1253.0009718830702,0.0003309721494688581
1254,1254.0009718830702,0.0003309959219542912
1255,1255.0009718830702,0.00033101934490349243
1256,1256.0009718830702,0.000331042428590889
1257,1257.0009718830702,0.0003310651578001141
1258,1258.0009718830702,0.0003310875159246853
1259,1259.0009718830702,0.00033110948635811974
1260,1260.0009718830702,0.000331131052493935
1261,1261.0009718830702,0.0003311521977256486
1262,1262.0009718830702,0.0003311729054467776
1263,1263.0009718830702,0.0003311931590508397
1264,1264.0009718830702,0.000331212941931352
1265,1265.0009718830702,0.00033123223748183215
1266,1266.0009718830702,0.0003312510290957975
1267,1267.0009718830702,0.00033126930016676533
1268,1268.0009718830702,0.00033128703408825315
1269,1269.0009718830702,0.00033130421425377844
1270,1270.0009718830702,0.0003313208275311108
1271,1271.0009718830702,0.0003313368823882591
1272,1272.0009718830702,0.00033135239558160093
1273,1273.0009718830702,0.0003313673838845599
1274,1274.0009718830702,0.0003313818640705596
1275,1275.0009718830702,0.00033139585291302374
1276,1276.0009718830702,0.00033140936718537565
1277,1277.0009718830702,0.0003314224236610393
1278,1278.0009718830702,0.00033143503911343806
1279,1279.0009718830702,0.0003314472303159957
1280,1280.0009718830702,0.0003314590140421357
1281,1281.0009718830702,0.0003314704070652817
1282,1282.0009718830702,0.00033148142615885734
1283,1283.0009718830702,0.00033149208809628625
1284,1284.0009718830702,0.000331502409554654
1285,1285.0009718830702,0.00033151239664900125
1286,1286.0009718830702,0.0003315220355452871
1287,1287.0009718830702,0.000331531310194246
1288,1288.0009718830702,0.00033154020454661203
1289,1289.0009718830702,0.0003315487025531198
1290,1290.0009718830702,0.00033155678816450365
1291,1291.0009718830702,0.0003315644453314979
1292,1292.0009718830702,0.0003315716580048369
1293,1293.0009718830702,0.000331578410135255
1294,1294.0009718830702,0.0003315846856734865
1295,1295.0009718830702,0.000331590468570266
1296,1296.0009718830702,0.0003315957427763277
1297,1297.0009718830702,0.00033160049224240594
1298,1298.0009718830702,0.0003316047009192351
1299,1299.0009718830702,0.00033160835250847554
1300,1300.0009718830702,0.0003316114278054657
1301,1301.0009718830702,0.0003316139057253383
1302,1302.0009718830702,0.00033161576515165693
1303,1303.0009718830702,0.0003316169849679851
1304,1304.0009718830702,0.00033161754405788667
1305,1305.0009718830702,0.00033161742130492495
1306,1306.0009718830702,0.0003316165955926636
1307,1307.0009718830702,0.0003316150458046661
1308,1308.0009718830702,0.00033161275082449634
1309,1309.0009718830702,0.00033160968953571733
1310,1310.0009718830702,0.00033160584082189313
1311,1311.0009718830702,0.00033160118356658706
1312,1312.0009718830702,0.0003315956966533629
1313,1313.0009718830702,0.00033158935896846566
1314,1314.0009718830702,0.00033158215862279917
1315,1315.0009718830702,0.0003315741135865166
1316,1316.0009718830702,0.0003315652478603229
1317,1317.0009718830702,0.000331555585444923
1318,1318.0009718830702,0.000331545150341022
1319,1319.0009718830702,0.00033153396654932464
1320,1320.0009718830702,0.0003315220580705361
1321,1321.0009718830702,0.000331509448905361
1322,1322.0009718830702,0.0003314961630545046
1323,1323.0009718830702,0.00033148222451867163
1324,1324.0009718830702,0.00033146765729856725
1325,1325.0009718830702,0.00033145248539489614
1326,1326.0009718830702,0.00033143673280836347
1327,1327.0009718830702,0.00033142042353967406
1328,1328.0009718830702,0.0003314035795815874
1329,1329.0009718830702,0.0003313861712102927
1330,1330.0009718830702,0.00033136811371039
1331,1331.0009718830702,0.0003313493197027553
1332,1332.0009718830702,0.00033132970180826493
1333,1333.0009718830702,0.0003313091726477951
1334,1334.0009718830702,0.00033128764484222176
1335,1335.0009718830702,0.00033126503101242155
1336,1336.0009718830702,0.00033124124377927034
1337,1337.0009718830702,0.0003312161957636444
1338,1338.0009718830702,0.00033118979958641993
1339,1339.0009718830702,0.00033116196786847315
1340,1340.0009718830702,0.0003311326132306802
1341,1341.0009718830702,0.00033110164829391734
1342,1342.0009718830702,0.00033106898567906084
1343,1343.0009718830702,0.00033103456430621673
1344,1344.0009718830702,0.0003309984734584109
1345,1345.0009718830702,0.0003309608557686646
1346,1346.0009718830702,0.0003309218539331992
1347,1347.0009718830702,0.00033088161064823645
1348,1348.0009718830702,0.0003308402686099979
1349,1349.0009718830702,0.0003307979705147053
1350,1350.0009718830702,0.00033075485905858013
1351,1351.0009718830702,0.000330711076937844
1352,1352.0009718830702,0.0003306667668487186
1353,1353.0009718830702,0.00033062207148742566
1354,1354.0009718830702,0.0003305771335501866
1355,1355.0009718830702,0.0003305320957332231
1356,1356.0009718830702,0.0003304871007327568
1357,1357.0009718830702,0.0003304422900330848
1358,1358.0009718830702,0.0003303977012574847
1359,1359.0009718830702,0.0003303531900020969
1360,1360.0009718830702,0.00033030859345780766
1361,1361.0009718830702,0.0003302637488155036
1362,1362.0009718830702,0.00033021849326607085
1363,1363.0009718830702,0.00033017266400039573
1364,1364.0009718830702,0.0003301260982093646
1365,1365.0009718830702,0.00033007863308386396
1366,1366.0009718830702,0.0003300301058147798
1367,1367.0009718830702,0.00032998035359299875
1368,1368.0009718830702,0.000329929213609407
1369,1369.0009718830702,0.00032987652305489096
1370,1370.0009718830702,0.00032982211912033687
1371,1371.0009718830702,0.00032976583899663127
1372,1372.0009718830702,0.00032970753735501855
1373,1373.0009718830702,0.0003296472536127018
1374,1374.0009718830702,0.0003295851381588816
1375,1375.0009718830702,0.00032952134289577844
1376,1376.0009718830702,0.00032945601972561285
1377,1377.0009718830702,0.00032938932055060513
1378,1378.0009718830702,0.00032932139727297606
1379,1379.0009718830702,0.000329252401794946
1380,1380.0009718830702,0.00032918248601873515
1381,1381.0009718830702,0.0003291118018465643
1382,1382.0009718830702,0.0003290405011806539
1383,1383.0009718830702,0.0003289687359232243
1384,1384.0009718830702,0.00032889665797649606
1385,1385.0009718830702,0.00032882441924268963
1386,1386.0009718830702,0.00032875217159018355
1387,1387.0009718830702,0.00032868002031165853
1388,1388.0009718830702,0.0003286079317693979
1389,1389.0009718830702,0.0003285358465356918
1390,1390.0009718830702,0.0003284637051828308
1391,1391.0009718830702,0.00032839144828310517
1392,1392.0009718830702,0.0003283190164088053
1393,1393.0009718830702,0.00032824635013222137
1394,1394.0009718830702,0.00032817339002564407
1395,1395.0009718830702,0.0003281000766613634
1396,1396.0009718830702,0.00032802635061167005
1397,1397.0009718830702,0.0003279521524488541
1398,1398.0009718830702,0.0003278774227452062
1399,1399.0009718830702,0.0003278021020730163
1400,1400.0009718830702,0.0003277261310045751
1401,1401.0009718830702,0.00032764945100633477
1402,1402.0009718830702,0.0003275720236996848
1403,1403.0009718830702,0.00032749383063534636
1404,1404.0009718830702,0.0003274148542130792
1405,1405.0009718830702,0.00032733507683264316
1406,1406.0009718830702,0.00032725448089379806
1407,1407.0009718830702,0.00032717304879630374
1408,1408.0009718830702,0.00032709076293991994
1409,1409.0009718830702,0.00032700760572440643
1410,1410.0009718830702,0.00032692355954952327
1411,1411.0009718830702,0.00032683860681503006
1412,1412.0009718830702,0.00032675272992068664
1413,1413.0009718830702,0.000326665911266253
1414,1414.0009718830702,0.0003265781332514886
1415,1415.0009718830702,0.0003264893782761537
1416,1416.0009718830702,0.00032639962796786695
1417,1417.0009718830702,0.00032630885990118686
1418,1418.0009718830702,0.0003262170503254027
1419,1419.0009718830702,0.0003261241754890522
1420,1420.0009718830702,0.0003260302116406727
1421,1421.0009718830702,0.000325935135028802
1422,1422.0009718830702,0.0003258389219019776
1423,1423.0009718830702,0.00032574154850873723
1424,1424.0009718830702,0.0003256429910976184
1425,1425.0009718830702,0.0003255432259171588
1426,1426.0009718830702,0.0003254422292158959
1427,1427.0009718830702,0.00032533997724236755
1428,1428.0009718830702,0.0003252364462451111
1429,1429.0009718830702,0.00032513161247266426
1430,1430.0009718830702,0.00032502545244469575
1431,1431.0009718830702,0.00032491796135838394
1432,1432.0009718830702,0.00032480916483880126
1433,1433.0009718830702,0.0003246990913091489
1434,1434.0009718830702,0.00032458776919262755
1435,1435.0009718830702,0.00032447522691243845
1436,1436.0009718830702,0.0003243614928917825
1437,1437.0009718830702,0.0003242465955538605
1438,1438.0009718830702,0.00032413056332187374
1439,1439.0009718830702,0.0003240134246190229
1440,1440.0009718830702,0.0003238952078685091
1441,1441.0009718830702,0.0003237759414935333
1442,1442.0009718830702,0.00032365565391729645
1443,1443.0009718830702,0.0003235343735629995
1444,1444.0009718830702,0.0003234121288538434
1445,1445.0009718830702,0.00032328894773847063
1446,1446.0009718830702,0.00032316485358949626
1447,1447.0009718830702,0.000323039867220129
1448,1448.0009718830702,0.0003229140094155438
1449,1449.0009718830702,0.0003227873009609152
1450,1450.0009718830702,0.00032265976264141827
1451,1451.0009718830702,0.00032253141524222784
1452,1452.0009718830702,0.0003224022795485185
1453,1453.0009718830702,0.0003222723763454653
1454,1454.0009718830702,0.0003221417264182427
1455,1455.0009718830702,0.0003220103505520258
1456,1456.0009718830702,0.00032187826953198934
1457,1457.0009718830702,0.000321745504143308
1458,1458.0009718830702,0.00032161207517115677
1459,1459.0009718830702,0.0003214780033489469
1460,1460.0009718830702,0.00032134327146102936
1461,1461.0009718830702,0.00032120775729011875
1462,1462.0009718830702,0.00032107132060938423
1463,1463.0009718830702,0.0003209338211919943
1464,1464.0009718830702,0.0003207951188111182
1465,1465.0009718830702,0.0003206550732399248
1466,1466.0009718830702,0.00032051354425158306
1467,1467.0009718830702,0.0003203703916192619
1468,1468.0009718830702,0.00032022547511613024
1469,1469.0009718830702,0.00032007865451535707
1470,1470.0009718830702,0.0003199297895901112
1471,1471.0009718830702,0.00031977874011356175
1472,1472.0009718830702,0.0003196253658588776
1473,1473.0009718830702,0.0003194695265992276
1474,1474.0009718830702,0.0003193110910543557
1475,1475.0009718830702,0.0003191501077073716
1476,1476.0009718830702,0.0003189867914432628
1477,1477.0009718830702,0.000318821363416296
1478,1478.0009718830702,0.00031865404478073736
1479,1479.0009718830702,0.00031848505669085364
1480,1480.0009718830702,0.0003183146203009113
1481,1481.0009718830702,0.0003181429567651768
1482,1482.0009718830702,0.0003179702872379165
1483,1483.0009718830702,0.0003177968328733972
1484,1484.0009718830702,0.0003176228148258852
1485,1485.0009718830702,0.00031744845424964686
1486,1486.0009718830702,0.0003172739722989491
1487,1487.0009718830702,0.00031709959012805807
1488,1488.0009718830702,0.00031692552889124034
1489,1489.0009718830702,0.00031675195741228334
1490,1490.0009718830702,0.0003165787896910217
1491,1491.0009718830702,0.0003164058622764231
1492,1492.0009718830702,0.0003162330116995194
1493,1493.0009718830702,0.0003160600744913427
1494,1494.0009718830702,0.00031588688718292503
1495,1495.0009718830702,0.0003157132863052982
1496,1496.0009718830702,0.00031553910838949447
1497,1497.0009718830702,0.0003153641899665458
1498,1498.0009718830702,0.000315188367567484
1499,1499.0009718830702,0.00031501147772334127
1500,1500.0009718830702,0.0003148333569651496
1501,1501.0009718830702,0.0003146538418239409
1502,1502.0009718830702,0.0003144727688307472
1503,1503.0009718830702,0.0003142899764643831
1504,1504.0009718830702,0.00031410541490500365
1505,1505.0009718830702,0.00031391920456318634
1506,1506.0009718830702,0.000313731480158456
1507,1507.0009718830702,0.000313542376410337
1508,1508.0009718830702,0.0003133520280383541
1509,1509.0009718830702,0.0003131605697620318
1510,1510.0009718830702,0.0003129681363008946
1511,1511.0009718830702,0.0003127748623744671
1512,1512.0009718830702,0.000312580882702274
1513,1513.0009718830702,0.0003123863320038397
1514,1514.0009718830702,0.0003121913449986888
1515,1515.0009718830702,0.000311996056406346
1516,1516.0009718830702,0.00031180060094633576
1517,1517.0009718830702,0.0003116051133381827
1518,1518.0009718830702,0.0003114097171306215
1519,1519.0009718830702,0.0003112144369848433
1520,1520.0009718830702,0.00031101924593302476
1521,1521.0009718830702,0.00031082411655893114
1522,1522.0009718830702,0.0003106290214463277
1523,1523.0009718830702,0.00031043393317897966
1524,1524.0009718830702,0.0003102388243406522
1525,1525.0009718830702,0.0003100436675151105
1526,1526.0009718830702,0.0003098484352861199
1527,1527.0009718830702,0.0003096531002374456
1528,1528.0009718830702,0.0003094576349528527
1529,1529.0009718830702,0.00030926201201610657
1530,1530.0009718830702,0.0003090662040109724
1531,1531.0009718830702,0.0003088701835212153
1532,1532.0009718830702,0.00030867392315401057
1533,1533.0009718830702,0.00030847740594934525
1534,1534.0009718830702,0.00030828064175808333
1535,1535.0009718830702,0.0003080836446783966
1536,1536.0009718830702,0.0003078864288084567
1537,1537.0009718830702,0.00030768900824643504
1538,1538.0009718830702,0.00030749139709050367
1539,1539.0009718830702,0.0003072936094388338
1540,1540.0009718830702,0.0003070956593895973
1541,1541.0009718830702,0.00030689756104096584
1542,1542.0009718830702,0.000306699328491111
1543,1543.0009718830702,0.00030650097583820443
1544,1544.0009718830702,0.0003063025171804178
1545,1545.0009718830702,0.0003061039666159228
1546,1546.0009718830702,0.0003059053382428908
1547,1547.0009718830702,0.0003057066474174666
1548,1548.0009718830702,0.0003055079321125223
1549,1549.0009718830702,0.00030530924988172043
1550,1550.0009718830702,0.0003051106589255511
1551,1551.0009718830702,0.0003049122174445042
1552,1552.0009718830702,0.00030471398363907007
1553,1553.0009718830702,0.00030451601570973875
1554,1554.0009718830702,0.0003043183718570001
1555,1555.0009718830702,0.0003041211102813444
1556,1556.0009718830702,0.00030392428918326177
1557,1557.0009718830702,0.00030372796676324227
1558,1558.0009718830702,0.0003035322012217759
1559,1559.0009718830702,0.0003033370507593528
1560,1560.0009718830702,0.0003031425735764631
1561,1561.0009718830702,0.00030294882787359687
1562,1562.0009718830702,0.00030275586146057837
1563,1563.0009718830702,0.00030256367534651455
1564,1564.0009718830702,0.00030237225736988113
1565,1565.0009718830702,0.00030218159536842936
1566,1566.0009718830702,0.00030199167717991055
1567,1567.0009718830702,0.0003018024906420759
1568,1568.0009718830702,0.00030161402359267677
1569,1569.0009718830702,0.0003014262638694644
1570,1570.0009718830702,0.00030123919931019006
1571,1571.0009718830702,0.0003010528177526051
1572,1572.0009718830702,0.00030086710703446063
1573,1573.0009718830702,0.0003006820549935081
1574,1574.0009718830702,0.00030049764946749865
1575,1575.0009718830702,0.00030031387829418377
1576,1576.0009718830702,0.00030013072964495173
1577,1577.0009718830702,0.00029994820773311713
1578,1578.0009718830702,0.00029976633958588657
1579,1579.0009718830702,0.00029958515397137303
1580,1580.0009718830702,0.00029940467965768936
1581,1581.0009718830702,0.0002992249454129487
1582,1582.0009718830702,0.0002990459800052639
1583,1583.0009718830702,0.0002988678122027479
1584,1584.0009718830702,0.00029869047077351387
1585,1585.0009718830702,0.0002985139844856746
1586,1586.0009718830702,0.00029833838210734315
1587,1587.0009718830702,0.0002981636924066324
1588,1588.0009718830702,0.0002979899441516554
1589,1589.0009718830702,0.0002978171661105251
1590,1590.0009718830702,0.00029764538705135443
1591,1591.0009718830702,0.0002974746291705823
1592,1592.0009718830702,0.0002973048613252514
1593,1593.0009718830702,0.00029713602646220096
1594,1594.0009718830702,0.0002969680673564222
1595,1595.0009718830702,0.00029680092678290655
1596,1596.0009718830702,0.0002966345475166454
1597,1597.0009718830702,0.00029646887233263016
1598,1598.0009718830702,0.0002963038440058522
1599,1599.0009718830702,0.00029613940531130297
1600,1600.0009718830702,0.0002959754990239736
1601,1601.0009718830702,0.00029581206791885566
1602,1602.0009718830702,0.0002956490547709405
1603,1603.0009718830702,0.0002954864023552194
1604,1604.0009718830702,0.00029532405344668395
1605,1605.0009718830702,0.00029516195095187535
1606,1606.0009718830702,0.0002950000760577523
1607,1607.0009718830702,0.00029483850113529446
1608,1608.0009718830702,0.00029467731184103566
1609,1609.0009718830702,0.0002945165938315097
1610,1610.0009718830702,0.00029435643276324994
1611,1611.0009718830702,0.00029419691429279034
1612,1612.0009718830702,0.0002940381240766646
1613,1613.0009718830702,0.0002938801477714062
1614,1614.0009718830702,0.00029372307103354907
1615,1615.0009718830702,0.0002935669795196267
1616,1616.0009718830702,0.0002934119588861728
1617,1617.0009718830702,0.00029325809478972123
1618,1618.0009718830702,0.00029310547288680555
1619,1619.0009718830702,0.00029295417883395947
1620,1620.0009718830702,0.00029280429601642944
1621,1621.0009718830702,0.0002926558713629107
1622,1622.0009718830702,0.00029250892241753035
1623,1623.0009718830702,0.0002923634658881769
1624,1624.0009718830702,0.00029221951848273876
1625,1625.0009718830702,0.0002920770969091043
1626,1626.0009718830702,0.00029193621787516205
1627,1627.0009718830702,0.0002917968980888004
1628,1628.0009718830702,0.0002916591542579078
1629,1629.0009718830702,0.0002915230030903728
1630,1630.0009718830702,0.0002913884612940836
1631,1631.0009718830702,0.0002912555455769289
1632,1632.0009718830702,0.00029112427264679704
1633,1633.0009718830702,0.0002909946592115763
1634,1634.0009718830702,0.0002908667219791554
1635,1635.0009718830702,0.00029074047160050984
1636,1636.0009718830702,0.00029061589363936914
1637,1637.0009718830702,0.00029049296716518263
1638,1638.0009718830702,0.00029037167124738953
1639,1639.0009718830702,0.00029025198495542944
1640,1640.0009718830702,0.0002901338873587414
1641,1641.0009718830702,0.00029001735752676503
1642,1642.0009718830702,0.0002899023745289396
1643,1643.0009718830702,0.00028978891743470446
1644,1644.0009718830702,0.00028967696531349905
1645,1645.0009718830702,0.0002895664972347627
1646,1646.0009718830702,0.0002894574922679346
1647,1647.0009718830702,0.00028934992948245443
1648,1648.0009718830702,0.0002892437879477613
1649,1649.0009718830702,0.00028913904757368636
1650,1650.0009718830702,0.00028903572207922626
1651,1651.0009718830702,0.00028893386977317564
1652,1652.0009718830702,0.0002888335520127554
1653,1653.0009718830702,0.00028873483015518664
1654,1654.0009718830702,0.00028863776555769044
1655,1655.0009718830702,0.00028854241957748786
1656,1656.0009718830702,0.0002884488535718001
1657,1657.0009718830702,0.000288357128897848
1658,1658.0009718830702,0.00028826730691285297
1659,1659.0009718830702,0.00028817944897403585
1660,1660.0009718830702,0.0002880936164386178
1661,1661.0009718830702,0.00028800987066381984
1662,1662.0009718830702,0.0002879282730068631
1663,1663.0009718830702,0.0002878488848249686
1664,1664.0009718830702,0.0002877717660195948
1665,1665.0009718830702,0.000287696965739275
1666,1666.0009718830702,0.0002876245283154248
1667,1667.0009718830702,0.0002875544980567882
1668,1668.0009718830702,0.00028748691927210954
1669,1669.0009718830702,0.0002874218362701328
1670,1670.0009718830702,0.000287359293359602
1671,1671.0009718830702,0.0002872993348492616
1672,1672.0009718830702,0.00028724200504785525
1673,1673.0009718830702,0.00028718734826412744
1674,1674.0009718830702,0.00028713540880682205
1675,1675.0009718830702,0.0002870862309846834
1676,1676.0009718830702,0.00028703985910645546
1677,1677.0009718830702,0.00028699633748088246
1678,1678.0009718830702,0.0002869557103049312
1679,1679.0009718830702,0.00028691799981079246
1680,1680.0009718830702,0.0002868831800487725
1681,1681.0009718830702,0.0002868512186757405
1682,1682.0009718830702,0.00028682208334856535
1683,1683.0009718830702,0.0002867957417241161
1684,1684.0009718830702,0.0002867721614592618
1685,1685.0009718830702,0.00028675131021087144
1686,1686.0009718830702,0.00028673315563581403
1687,1687.0009718830702,0.00028671766539095845
1688,1688.0009718830702,0.00028670480713317414
1689,1689.0009718830702,0.0002866945485193296
1690,1690.0009718830702,0.0002866868572062942
1691,1691.0009718830702,0.00028668170085093686
1692,1692.0009718830702,0.00028667904711012653
1693,1693.0009718830702,0.0002866788638000682
1694,1694.0009718830702,0.0002866811210112206
1695,1695.0009718830702,0.0002866857905302159
1696,1696.0009718830702,0.00028669284418428027
1697,1697.0009718830702,0.0002867022538006399
1698,1698.0009718830702,0.00028671399120652085
1699,1699.0009718830702,0.00028672802822914914
1700,1700.0009718830702,0.0002867443366957509
1701,1701.0009718830702,0.0002867628884335521
1702,1702.0009718830702,0.00028678365526977907
1703,1703.0009718830702,0.0002868066090316576
1704,1704.0009718830702,0.00028683172154641407
1705,1705.0009718830702,0.0002868589646412744
1706,1706.0009718830702,0.0002868883101434646
1707,1707.0009718830702,0.00028691972988037013
1708,1708.0009718830702,0.00028695322382171583
1709,1709.0009718830702,0.0002869888985464345
1710,1710.0009718830702,0.0002870268858738203
1711,1711.0009718830702,0.0002870673176231675
1712,1712.0009718830702,0.0002871103256137701
1713,1713.0009718830702,0.0002871560416649223
1714,1714.0009718830702,0.00028720459759591833
1715,1715.0009718830702,0.0002872561252260521
1716,1716.0009718830702,0.00028731075637461787
1717,1717.0009718830702,0.00028736862286090985
1718,1718.0009718830702,0.0002874298565042222
1719,1719.0009718830702,0.00028749458912384905
1720,1720.0009718830702,0.0002875629525390844
1721,1721.0009718830702,0.0002876350785692225
1722,1722.0009718830702,0.0002877110958690671
1723,1723.0009718830702,0.00028779102606188976
1724,1724.0009718830702,0.0002878747603342522
1725,1725.0009718830702,0.00028796218196972445
1726,1726.0009718830702,0.0002880531742518766
1727,1727.0009718830702,0.0002881476204642784
1728,1728.0009718830702,0.0002882454038905
1729,1729.0009718830702,0.0002883464078141114
1730,1730.0009718830702,0.0002884505155186823
1731,1731.0009718830702,0.00028855761028778303
1732,1732.0009718830702,0.00028866757540498326
1733,1733.0009718830702,0.0002887802941538532
1734,1734.0009718830702,0.00028889564981796274
1735,1735.0009718830702,0.00028901352568088176
1736,1736.0009718830702,0.0002891338050261803
1737,1737.0009718830702,0.000289256386888826
1738,1738.0009718830702,0.00028938127603318894
1739,1739.0009718830702,0.000289508520732115
1740,1740.0009718830702,0.00028963816939301236
1741,1741.0009718830702,0.0002897702704232888
1742,1742.0009718830702,0.0002899048722303525
1743,1743.0009718830702,0.0002900420232216114
1744,1744.0009718830702,0.00029018177180447345
1745,1745.0009718830702,0.00029032416638634655
1746,1746.0009718830702,0.0002904692553746389
1747,1747.0009718830702,0.00029061708717675834
1748,1748.0009718830702,0.00029076771020011296
1749,1749.0009718830702,0.00029092117285211064
1750,1750.0009718830702,0.00029107752354015946
1751,1751.0009718830702,0.00029123681064417446
1752,1752.0009718830702,0.00029139907871756835
1753,1753.0009718830702,0.0002915643645968273
1754,1754.0009718830702,0.0002917327041906547
1755,1755.0009718830702,0.0002919041334077535
1756,1756.0009718830702,0.00029207868815682696
1757,1757.0009718830702,0.00029225640434657837
1758,1758.0009718830702,0.0002924373178857107
1759,1759.0009718830702,0.0002926214646829273
1760,1760.0009718830702,0.0002928088806469311
1761,1761.0009718830702,0.00029299960168642546
1762,1762.0009718830702,0.0002931936637101134
1763,1763.0009718830702,0.0002933911026266982
1764,1764.0009718830702,0.00029359195434488307
1765,1765.0009718830702,0.000293796254773371
1766,1766.0009718830702,0.0002940040326742779
1767,1767.0009718830702,0.00029421522595212156
1768,1768.0009718830702,0.00029442970997534677
1769,1769.0009718830702,0.0002946473588790596
1770,1770.0009718830702,0.00029486804679836645
1771,1771.0009718830702,0.00029509164786837325
1772,1772.0009718830702,0.0002953180362241863
1773,1773.0009718830702,0.0002955470860009115
1774,1774.0009718830702,0.00029577867133365524
1775,1775.0009718830702,0.0002960126663575235
1776,1776.0009718830702,0.00029624894520762266
1777,1777.0009718830702,0.00029648738201905854
1778,1778.0009718830702,0.0002967278509269376
1779,1779.0009718830702,0.00029697022606636574
1780,1780.0009718830702,0.0002972143815755445
1781,1781.0009718830702,0.00029746022273615335
1782,1782.0009718830702,0.0002977077625542124
1783,1783.0009718830702,0.00029795703731102174
1784,1784.0009718830702,0.00029820808328788137
1785,1785.0009718830702,0.00029846093676609136
1786,1786.0009718830702,0.0002987156340269518
1787,1787.0009718830702,0.00029897221135176275
1788,1788.0009718830702,0.0002992307050218245
1789,1789.0009718830702,0.000299491151318437
1790,1790.0009718830702,0.0002997535865229003
1791,1791.0009718830702,0.0003000180469165145
1792,1792.0009718830702,0.00030028456878057966
1793,1793.0009718830702,0.000300553188396396
1794,1794.0009718830702,0.0003008239420452635
1795,1795.0009718830702,0.00030109686563267534
1796,1796.0009718830702,0.00030137198426826535
1797,1797.0009718830702,0.00030164931091455384
1798,1798.0009718830702,0.00030192885788682405
1799,1799.0009718830702,0.0003022106375003598
1800,1800.0009718830702,0.0003024946620704447
1801,1801.0009718830702,0.0003027809439123621
1802,1802.0009718830702,0.00030306949534139566
1803,1803.0009718830702,0.0003033603286728289
1804,1804.0009718830702,0.0003036534562219455
1805,1805.0009718830702,0.00030394889030402886
1806,1806.0009718830702,0.00030424664323436273
1807,1807.0009718830702,0.00030454672732823046
1808,1808.0009718830702,0.00030484915490091576
1809,1809.0009718830702,0.00030515393826770215
1810,1810.0009718830702,0.0003054610768300413
1811,1811.0009718830702,0.0003057704912560896
1812,1812.0009718830702,0.0003060820725449303
1813,1813.0009718830702,0.0003063957116413857
1814,1814.0009718830702,0.00030671129949027826
1815,1815.0009718830702,0.0003070287270364304
1816,1816.0009718830702,0.00030734788522466454
1817,1817.0009718830702,0.000307668664999803
1818,1818.0009718830702,0.00030799095730666825
1819,1819.0009718830702,0.0003083146530900827
1820,1820.0009718830702,0.00030863964329486886
1821,1821.0009718830702,0.00030896581886584896
1822,1822.0009718830702,0.0003092930707478454
1823,1823.0009718830702,0.0003096212898856807
1824,1824.0009718830702,0.0003099503677150726
1825,1825.0009718830702,0.0003102802459133696
1826,1826.0009718830702,0.0003106109591607787
1827,1827.0009718830702,0.0003109425522111147
1828,1828.0009718830702,0.0003112750698181929
1829,1829.0009718830702,0.00031160855673582763
1830,1830.0009718830702,0.0003119430577178342
1831,1831.0009718830702,0.0003122786175180273
1832,1832.0009718830702,0.00031261528089022197
1833,1833.0009718830702,0.00031295309258823296
1834,1834.0009718830702,0.00031329209736587524
1835,1835.0009718830702,0.0003136323399769638
1836,1836.0009718830702,0.0003139738651753134
1837,1837.0009718830702,0.00031431671771473885
1838,1838.0009718830702,0.00031466094234905526
1839,1839.0009718830702,0.0003150065790378312
1840,1840.0009718830702,0.0003153536134314277
1841,1841.0009718830702,0.0003157019968064915
1842,1842.0009718830702,0.0003160516798959015
1843,1843.0009718830702,0.0003164026134325365
1844,1844.0009718830702,0.00031675474814927526
1845,1845.0009718830702,0.0003171080347789968
1846,1846.0009718830702,0.0003174624240545799
1847,1847.0009718830702,0.0003178178667089032
1848,1848.0009718830702,0.00031817431347484564
1849,1849.0009718830702,0.000318531715085286
1850,1850.0009718830702,0.00031889002227310323
1851,1851.0009718830702,0.000319249185771176
1852,1852.0009718830702,0.0003196091563123834
1853,1853.0009718830702,0.0003199698846296561
1854,1854.0009718830702,0.0003203313215838893
1855,1855.0009718830702,0.0003206934184391474
1856,1856.0009718830702,0.0003210561265386967
1857,1857.0009718830702,0.00032141939722580366
1858,1858.0009718830702,0.0003217831818437347
1859,1859.0009718830702,0.0003221474317357562
1860,1860.0009718830702,0.00032251209824513463
1861,1861.0009718830702,0.0003228771327151363
1862,1862.0009718830702,0.00032324248648902767
1863,1863.0009718830702,0.00032360811091007504
1864,1864.0009718830702,0.00032397395732154503
1865,1865.0009718830702,0.00032433997706670384
1866,1866.0009718830702,0.000324706121488818
1867,1867.0009718830702,0.0003250723419311538
1868,1868.0009718830702,0.00032543859214454726
1869,1869.0009718830702,0.0003258048850375789
1870,1870.0009718830702,0.00032617129485822436
1871,1871.0009718830702,0.0003265378986985385
1872,1872.0009718830702,0.0003269047736505763
1873,1873.0009718830702,0.00032727199680639233
1874,1874.0009718830702,0.0003276396452580417
1875,1875.0009718830702,0.00032800779609757887
1876,1876.0009718830702,0.000328376526417059
1877,1877.0009718830702,0.00032874591330853657
1878,1878.0009718830702,0.0003291160338640667
1879,1879.0009718830702,0.00032948696517570394
1880,1880.0009718830702,0.0003298587843355035
1881,1881.0009718830702,0.0003302315684355197
1882,1882.0009718830702,0.0003306053945678077
1883,1883.0009718830702,0.0003309803214563422
1884,1884.0009718830702,0.00033135630614070495
1885,1885.0009718830702,0.0003317332706701492
1886,1886.0009718830702,0.000332111137061727
1887,1887.0009718830702,0.00033248982733249005
1888,1888.0009718830702,0.0003328692634994904
1889,1889.0009718830702,0.00033324936757978007
1890,1890.0009718830702,0.00033363006159041096
1891,1891.0009718830702,0.0003340112675484349
1892,1892.0009718830702,0.000334392907470904
1893,1893.0009718830702,0.00033477490337486995
1894,1894.0009718830702,0.00033515717727738493
1895,1895.0009718830702,0.0003355396511955007
1896,1896.0009718830702,0.0003359222471462693
1897,1897.0009718830702,0.00033630488833362476
1898,1898.0009718830702,0.0003366875441639365
1899,1899.0009718830702,0.00033707024409829255
1900,1900.0009718830702,0.00033745302161497347
1901,1901.0009718830702,0.0003378359101922603
1902,1902.0009718830702,0.00033821894330843407
1903,1903.0009718830702,0.00033860215444177574
1904,1904.0009718830702,0.00033898557707056606
1905,1905.0009718830702,0.00033936924467308616
1906,1906.0009718830702,0.0003397531907276169
1907,1907.0009718830702,0.0003401374487124394
1908,1908.0009718830702,0.0003405220521058343
1909,1909.0009718830702,0.0003409070343860828
1910,1910.0009718830702,0.0003412924290314657
1911,1911.0009718830702,0.0003416782696056544
1912,1912.0009718830702,0.00034206462813721043
1913,1913.0009718830702,0.00034245167567708017
1914,1914.0009718830702,0.0003428395989929307
1915,1915.0009718830702,0.000343228584852429
1916,1916.0009718830702,0.00034361882002324187
1917,1917.0009718830702,0.0003440104912730362
1918,1918.0009718830702,0.00034440378536947916
1919,1919.0009718830702,0.0003447988890802375
1920,1920.0009718830702,0.0003451959891729782
1921,1921.0009718830702,0.0003455952724153682
1922,1922.0009718830702,0.00034599692557507443
1923,1923.0009718830702,0.00034640113541976387
1924,1924.0009718830702,0.0003468080887171034
1925,1925.0009718830702,0.00034721797223476007
1926,1926.0009718830702,0.0003476308625521168
1927,1927.0009718830702,0.00034804635157091097
1928,1928.0009718830702,0.0003484638979696162
1929,1929.0009718830702,0.00034888296042285936
1930,1930.0009718830702,0.00034930299760526745
1931,1931.0009718830702,0.0003497234681914675
1932,1932.0009718830702,0.00035014383085608654
1933,1933.0009718830702,0.0003505635442737514
1934,1934.0009718830702,0.00035098206711908927
1935,1935.0009718830702,0.000351398858066727
1936,1936.0009718830702,0.0003518133757912916
1937,1937.0009718830702,0.00035222507896741004
1938,1938.0009718830702,0.0003526334262697093
1939,1939.0009718830702,0.0003530379207422885
1940,1940.0009718830702,0.0003534386706232744
1941,1941.0009718830702,0.0003538362217205205
1942,1942.0009718830702,0.00035423112957722286
1943,1943.0009718830702,0.0003546239497365772
1944,1944.0009718830702,0.0003550152377417794
1945,1945.0009718830702,0.0003554055491360255
1946,1946.0009718830702,0.00035579543946251115
1947,1947.0009718830702,0.0003561854642644323
1948,1948.0009718830702,0.0003565761790849849
1949,1949.0009718830702,0.0003569681394673648
1950,1950.0009718830702,0.0003573619009547679
1951,1951.0009718830702,0.00035775801909039
1952,1952.0009718830702,0.00035815704941742686
1953,1953.0009718830702,0.00035855941679462946
1954,1954.0009718830702,0.0003589648775402273
1955,1955.0009718830702,0.0003593729747569959
1956,1956.0009718830702,0.0003597832514557111
1957,1957.0009718830702,0.0003601952506471494
1958,1958.0009718830702,0.00036060851534208666
1959,1959.0009718830702,0.0003610225885512991
1960,1960.0009718830702,0.00036143701328556296
1961,1961.0009718830702,0.0003618513325556543
1962,1962.0009718830702,0.0003622650893723491
1963,1963.0009718830702,0.0003626778267464238
1964,1964.0009718830702,0.0003630890876886544
1965,1965.0009718830702,0.0003634984152183529
1966,1966.0009718830702,0.00036390543876433246
1967,1967.0009718830702,0.0003643100867345654
1968,1968.0009718830702,0.00036471235215542223
1969,1969.0009718830702,0.000365112228053273
1970,1970.0009718830702,0.00036550970745448836
1971,1971.0009718830702,0.0003659047833854386
1972,1972.0009718830702,0.00036629744887249394
1973,1973.0009718830702,0.00036668769694202507
1974,1974.0009718830702,0.0003670755206204019
1975,1975.0009718830702,0.0003674609129339952
1976,1976.0009718830702,0.00036784386690917506
1977,1977.0009718830702,0.0003682243755723119
1978,1978.0009718830702,0.0003686024327750913
1979,1979.0009718830702,0.00036897807951435246
1980,1980.0009718830702,0.00036935142852873915
1981,1981.0009718830702,0.0003697225985750024
1982,1982.0009718830702,0.0003700917084098939
1983,1983.0009718830702,0.0003704588767901649
1984,1984.0009718830702,0.00037082422247256653
1985,1985.0009718830702,0.0003711878642138504
1986,1986.0009718830702,0.00037154992077076756
1987,1987.0009718830702,0.00037191051090006936
1988,1988.0009718830702,0.00037226975335850725
1989,1989.0009718830702,0.00037262776690283247
1990,1990.0009718830702,0.00037298467028979625
1991,1991.0009718830702,0.0003733405598405827
1992,1992.0009718830702,0.00037369526581726144
1993,1993.0009718830702,0.00037404844430674226
1994,1994.0009718830702,0.0003743997483774773
1995,1995.0009718830702,0.0003747488310979186
1996,1996.0009718830702,0.00037509534553651806
1997,1997.0009718830702,0.0003754389447617276
1998,1998.0009718830702,0.0003757792818419992
1999,1999.0009718830702,0.0003761160098457852
2000,2000.0009718830702,0.0003764487818415371
2001,2001.0009718830702,0.0003767772508977071
2002,2002.0009718830702,0.00037710107008274735
2003,2003.0009718830702,0.00037741990769990595
2004,2004.0009718830702,0.0003777337188906501
2005,2005.0009718830702,0.000378042714220371
2006,2006.0009718830702,0.0003783471131798861
2007,2007.0009718830702,0.00037864713526001274
2008,2008.0009718830702,0.0003789429999515682
2009,2009.0009718830702,0.00037923492674537
2010,2010.0009718830702,0.00037952313513223547
2011,2011.0009718830702,0.00037980784460298197
2012,2012.0009718830702,0.00038008927464842706
2013,2013.0009718830702,0.00038036764475938775
2014,2014.0009718830702,0.0003806431744266818
2015,2015.0009718830702,0.0003809160829759896
2016,2016.0009718830702,0.00038118649531619793
2017,2017.0009718830702,0.0003814542841235613
2018,2018.0009718830702,0.00038171928040515134
2019,2019.0009718830702,0.0003819813151680394
2020,2020.0009718830702,0.0003822402194192971
2021,2021.0009718830702,0.0003824958241659958
2022,2022.0009718830702,0.00038274796041520696
2023,2023.0009718830702,0.000382996459174002
2024,2024.0009718830702,0.0003832411514494525
2025,2025.0009718830702,0.00038348186824862975
2026,2026.0009718830702,0.0003837184405786053
2027,2027.0009718830702,0.0003839507002765334
2028,2028.0009718830702,0.00038417853125096026
2029,2029.0009718830702,0.00038440189945198976
2030,2030.0009718830702,0.000384620778044941
2031,2031.0009718830702,0.00038483514019513256
2032,2032.0009718830702,0.0003850449590678836
2033,2033.0009718830702,0.0003852502078285129
2034,2034.0009718830702,0.00038545085964233926
2035,2035.0009718830702,0.00038564688767468166
2036,2036.0009718830702,0.0003858382650908588
2037,2037.0009718830702,0.00038602496505618986
2038,2038.0009718830702,0.0003862069607359936
2039,2039.0009718830702,0.0003863842265172678
2040,2040.0009718830702,0.00038655677414958366
2041,2041.0009718830702,0.00038672465875636415
2042,2042.0009718830702,0.00038688793789336197
2043,2043.0009718830702,0.0003870466691163296
2044,2044.0009718830702,0.0003872009099810198
2045,2045.0009718830702,0.00038735071804318525
2046,2046.0009718830702,0.0003874961508585785
2047,2047.0009718830702,0.00038763726598295206
2048,2048.00097188307,0.0003877741209720589
2049,2049.00097188307,0.0003879067733816513
2050,2050.00097188307,0.0003880352807674822
2051,2051.00097188307,0.0003881596995292707
2052,2052.00097188307,0.00038828005089076287
2053,2053.00097188307,0.0003883963153423431
2054,2054.00097188307,0.00038850847109938316
2055,2055.00097188307,0.0003886164963772549
2056,2056.00097188307,0.00038872036939133003
2057,2057.00097188307,0.0003888200683569804
2058,2058.00097188307,0.0003889155714895781
2059,2059.00097188307,0.0003890068570044944
2060,2060.00097188307,0.0003890939031171014
2061,2061.00097188307,0.0003891766880427709
2062,2062.00097188307,0.0003892551899968748
2063,2063.00097188307,0.0003893293603542959
2064,2064.00097188307,0.0003893989502452829
2065,2065.00097188307,0.00038946362031021313
2066,2066.00097188307,0.0003895230307465326
2067,2067.00097188307,0.00038957684175168754
2068,2068.00097188307,0.00038962471352312354
2069,2069.00097188307,0.0003896663062582868
2070,2070.00097188307,0.0003897012801546233
2071,2071.00097188307,0.0003897292954095789
2072,2072.00097188307,0.0003897500122205998
2073,2073.00097188307,0.00038976309078513175
2074,2074.00097188307,0.00038976819130062104
2075,2075.00097188307,0.0003897651022121143
2076,2076.00097188307,0.00038975423704046486
2077,2077.00097188307,0.00038973619946202595
2078,2078.00097188307,0.00038971159319776375
2079,2079.00097188307,0.00038968102196864447
2080,2080.00097188307,0.0003896450894956344
2081,2081.00097188307,0.00038960439949969975
2082,2082.00097188307,0.00038955955570180655
2083,2083.00097188307,0.0003895111618229211
2084,2084.00097188307,0.0003894598215840094
2085,2085.00097188307,0.000389406138706038
2086,2086.00097188307,0.0003893507150253188
2087,2087.00097188307,0.000389293840085479
2088,2088.00097188307,0.0003892351452982794
2089,2089.00097188307,0.0003891741787214337
2090,2090.00097188307,0.00038911048841265615
2091,2091.00097188307,0.0003890436224296603
2092,2092.00097188307,0.0003889731288301604
2093,2093.00097188307,0.00038889855567186983
2094,2094.00097188307,0.00038881945101250294
2095,2095.00097188307,0.00038873536290977344
2096,2096.00097188307,0.00038864583942139515
2097,2097.00097188307,0.000388550428605082
2098,2098.00097188307,0.00038844867966453917
2099,2099.00097188307,0.0003883403543541776
2100,2100.00097188307,0.00038822567453241437
2101,2101.00097188307,0.0003881049221809148
2102,2102.00097188307,0.0003879783792813443
2103,2103.00097188307,0.0003878463278153679
2104,2104.00097188307,0.00038770904976465103
2105,2105.00097188307,0.00038756682711085875
2106,2106.00097188307,0.0003874199418356566
2107,2107.00097188307,0.00038726867592070967
2108,2108.00097188307,0.0003871133113476832
2109,2109.00097188307,0.00038695413009824257
2110,2110.00097188307,0.00038679141279088214
2111,2111.00097188307,0.00038662537987066556
2112,2112.00097188307,0.0003864561691874675
2113,2113.00097188307,0.0003862839126021531
2114,2114.00097188307,0.00038610874197558684
2115,2115.00097188307,0.00038593078916863353
2116,2116.00097188307,0.0003857501860421578
2117,2117.00097188307,0.00038556706445702464
2118,2118.00097188307,0.0003853815562740985
2119,2119.00097188307,0.00038519379335424437
2120,2120.00097188307,0.0003850039075583268
2121,2121.00097188307,0.0003848120307472107
2122,2122.00097188307,0.000384618292972119
2123,2123.00097188307,0.0003844227288019044
2124,2124.00097188307,0.0003842252318837196
2125,2125.00097188307,0.0003840256845333123
2126,2126.00097188307,0.0003838239690664299
2127,2127.00097188307,0.00038361996779882044
2128,2128.00097188307,0.0003834135630462314
2129,2129.00097188307,0.0003832046371244106
2130,2130.00097188307,0.0003829930723491056
2131,2131.00097188307,0.00038277875103606424
2132,2132.00097188307,0.00038256155550103396
2133,2133.00097188307,0.0003823413680597627
2134,2134.00097188307,0.000382118071027998
2135,2135.00097188307,0.0003818916204676215
2136,2136.00097188307,0.00038166228915533743
2137,2137.00097188307,0.0003814304348734351
2138,2138.00097188307,0.00038119641540525684
2139,2139.00097188307,0.0003809605885341448
2140,2140.00097188307,0.00038072331204344135
2141,2141.00097188307,0.0003804849437164888
2142,2142.00097188307,0.00038024584133662914
2143,2143.00097188307,0.00038000636268720493
2144,2144.00097188307,0.00037976686555155824
2145,2145.00097188307,0.00037952770771303146
2146,2146.00097188307,0.0003792892469549668
2147,2147.00097188307,0.00037905180937060357
2148,2148.00097188307,0.0003788154773560641
2149,2149.00097188307,0.0003785802202555282
2150,2150.00097188307,0.00037834600679258705
2151,2151.00097188307,0.0003781128056908316
2152,2152.00097188307,0.0003778805856738532
2153,2153.00097188307,0.0003776493154652426
2154,2154.00097188307,0.0003774189637885915
2155,2155.00097188307,0.0003771894993674907
2156,2156.00097188307,0.00037696089092553134
2157,2157.00097188307,0.0003767331071863045
2158,2158.00097188307,0.0003765061168734015
2159,2159.00097188307,0.00037627988871041335
2160,2160.00097188307,0.00037605439142093106
2161,2161.00097188307,0.00037582959372854603
2162,2162.00097188307,0.00037560546435684924
2163,2163.00097188307,0.00037538197202943176
2164,2164.00097188307,0.0003751590854698849
2165,2165.00097188307,0.0003749367734017996
2166,2166.00097188307,0.00037471500454876714
2167,2167.00097188307,0.0003744937476343786
2168,2168.00097188307,0.00037427297138222513
2169,2169.00097188307,0.00037405264451589783
2170,2170.00097188307,0.0003738327357589877
2171,2171.00097188307,0.00037361321383508616
2172,2172.00097188307,0.00037339404746778424
