scaled_SOH,First principal component,Second principal component
1.0,-3.8960104,-0.89533526
0.9997589619653213,-3.7614882,-0.9180551
0.9992004906252133,-3.942794,-0.5901164
0.9993210634483544,-3.9057763,-0.64404386
0.998834291328195,-3.7851653,-0.662733
0.9990973090328596,-3.9089305,-0.45780167
0.9990483337964866,-3.5456777,-0.57099944
0.9986875778530715,-3.3779583,-0.6123077
0.9988865756213715,-3.440972,-0.4307684
0.9986651707258835,-3.1291456,-0.3522229
0.9977009169539884,-2.2057095,-0.25992355
0.9980664735705977,-1.7147242,-0.1896706
0.9981664507285402,-1.420247,-0.07287764
0.9970757563119099,-1.4228648,-0.17635135
0.9974987177404886,-1.1202697,-0.004197302
0.9974770579161015,-1.2131826,0.06365628
0.9969862324255492,-1.4054005,0.06738813
0.997449102812918,-1.433813,0.22228187
0.9969700159547654,-1.5207696,0.1346064
0.9966301725329363,-1.4452147,0.32019946
0.9966994205996975,-1.2250776,0.30218875
0.9964568909486281,-1.162599,0.27526072
0.9961862985827716,-1.3007172,0.33378726
0.9962740050287201,-1.1823665,0.4017623
0.9954446184879455,-1.2323357,0.47847617
0.9955245380387063,-1.040335,0.52606297
0.9954132497055663,-0.89315337,0.49450758
0.9944946621132411,-1.0624924,0.482808
0.9946468159527565,-0.92223835,0.77372307
0.9946968613267408,-0.7476971,0.87219393
0.9938159377955911,-0.933611,0.76950836
0.9939544339291134,-0.77762645,0.77733856
0.9938900941471499,-0.73278916,0.66349065
0.9927353768049436,-0.85357994,0.78124785
0.9931239832291501,-0.70718163,0.7952589
0.9929628647452324,-0.72242147,0.9712739
0.9920390490225107,-0.84992063,0.95733947
0.992287234261179,-0.6685949,1.0371093
0.9915818342227407,-0.633578,1.0074153
0.9912936354028903,-0.6288969,1.1848513
0.9915970941459391,-0.5422062,1.336031
0.9913015328988922,-0.73148686,1.0962442
0.9907441257179729,-0.70016575,1.3443722
0.9906556719692234,-0.44130993,1.3169849
0.9898345027700497,-0.63592863,1.3852026
0.989907699584812,-0.60018504,1.4245535
0.989812307876857,-0.37295577,1.2708526
0.9889966866536786,-0.43155602,1.3450104
0.9891852266665797,-0.40382555,1.46084
0.9891652736817902,-0.3353989,1.4246575
0.98792338197323,-0.60623384,1.608404
0.9881510821475143,-0.19370665,1.4975718
0.9879367198336242,-0.1457404,1.4736178
0.9869927373975116,-0.3761442,1.6706294
0.9871678334330211,-0.2335832,1.645733
0.9870678547804729,-0.08350037,1.6849691
0.9861315546171557,-0.34532782,1.7311723
0.986130701197357,-0.13858078,1.7977219
0.9859260478414584,-0.13083665,1.7924974
0.985191946891641,0.07501344,1.7828891
0.9850337085127191,0.23956965,1.6201943
0.9841699654729664,0.09925366,1.8310643
0.983818386407949,0.43036208,1.7039409
0.983573934694075,0.60201955,1.8652515
0.9830125817543659,0.4462477,1.9636252
0.9827934172726758,0.5144618,1.8852944
0.9828099565782697,0.5736858,1.8977509
0.9819715007707008,0.366439,1.9396868
0.9820355207070657,0.63900155,1.8079469
0.9818471944227657,0.6436483,1.8750697
0.9807494559299323,0.6153957,1.9387455
0.9806150131668027,0.78975743,1.9020396
0.9798251066330103,0.7696223,1.960116
0.979210402251725,0.96566653,2.022092
0.9793481540716577,1.1202362,1.9623784
0.9789662703834499,1.1443386,1.9429375
0.9782037868732465,0.9284291,1.8579468
0.9780482163653245,1.2933549,2.091117
0.9779638159869681,1.0964913,1.969071
0.9772258724061473,1.1850548,2.0362103
0.9768804825029285,1.4236358,1.9697
0.9758064312669819,1.6417643,1.9503709
0.9756400846526677,1.8278376,2.0092468
0.9753785608063028,1.821294,2.023728
0.9744961449114589,1.8111594,1.8011428
0.974361701401027,1.8257536,2.027849
0.9740099086074083,2.0981658,1.8457359
0.9730293277639146,2.0801091,1.9685274
0.9728926438396848,2.3136637,2.012615
0.9727309925288702,2.34015,2.0154526
0.9717255496684868,2.183907,1.9704599
0.9717602275076689,2.3959844,1.9930311
0.9710133215243547,2.516313,1.9258568
0.9702420878456536,2.3777208,1.8880633
0.9702190406536162,2.51526,2.0841875
0.9697079434536298,2.5140936,1.9692686
0.9688372643229287,2.5625327,2.0910413
0.9681428548667864,2.745864,2.0938087
0.9676326114602501,2.8920577,2.071102
0.9673906138887749,2.9720128,2.0118399
0.967034339707084,3.0836303,2.1374462
0.9662392048560691,2.8775446,2.0782106
0.9659876040699485,2.9367392,2.1087875
0.9656823329307813,3.0289295,2.1177237
0.9646814787898352,3.1276581,2.1145043
0.9644016024243953,3.2182915,2.1800497
0.9639258232685595,3.1766145,2.1650817
0.9628377945043741,3.145781,2.0735261
0.9626508545601831,3.3668015,2.113846
0.9622627834850206,3.4230025,2.1078238
0.9611700599544596,3.2909763,2.1068838
0.961349744242342,3.4007106,2.1503341
0.9608335254026082,3.3538969,2.1147163
0.9600909941298916,3.3415258,2.1617064
0.9593656414803153,3.4865208,2.2726398
0.9593115442305435,3.4677546,2.150209
0.9586911853826138,3.5811706,2.2045276
0.9582454958602938,3.6062167,2.1491623
0.9574835448033362,3.65128,2.1523027
0.9571492508521082,3.6866894,2.127045
0.9567246887009295,3.7269175,2.2659907
0.9558288280813915,3.7273245,2.2181416
0.9553855923278187,3.8316665,2.3210852
0.955116493072959,3.852778,2.2352655
0.9535346525728745,3.9449935,2.210566
0.9535112851615871,4.0628514,2.3075368
0.9530092576020461,4.0674667,2.2515678
0.952123533397702,4.049655,2.32696
0.9518909256859227,4.0815415,2.3345332
0.9512326886745648,4.128453,2.3038116
0.9506600245596583,4.1551523,2.3875182
0.9495907747442084,4.24571,2.395251
0.9497585083525213,4.378317,2.4456954
0.9490421184790899,4.282924,2.4021568
0.9486680261698865,4.3276772,2.4430935
0.9478785455986907,4.4151,2.5047257
0.9474974107078894,4.310865,2.457056
0.9471712264866592,4.323885,2.4980752
0.9464591052068279,4.388241,2.4571707
0.94596913463068,4.3522973,2.5327044
0.9449889797497829,4.416131,2.4893928
0.9442765386243527,4.550394,2.4619997
0.9438933755537495,4.606826,2.499327
0.9437400469542309,4.651107,2.478174
0.942419942534507,4.7352624,2.4732833
0.9420324062479117,4.9072256,2.5552585
0.9416613001607015,4.880754,2.4990854
0.9408629640513128,4.933164,2.6100128
0.9400253616635428,5.089386,2.6251438
0.9399140733304027,5.055016,2.6185703
0.9386303550840648,5.0919046,2.6233037
0.9387638383103973,5.0755153,2.6114538
0.9379322098612196,5.1312466,2.61561
0.9374840673174547,5.102836,2.6475654
0.9366346231694986,5.235685,2.620416
0.9362106992149121,5.2097516,2.4905484
0.9357114471379746,5.293597,2.628356
0.935037631105122,5.279519,2.5580676
0.9340277051752349,5.510817,2.5983384
0.9334335964591479,5.456908,2.5486417
0.932657773593945,5.4767604,2.6306574
0.9318784294379433,5.749724,2.6333313
0.9318737363763524,5.5170193,2.6212196
0.9312357729426854,5.7158246,2.6280413
0.9297814379938281,5.8458366,2.6081781
0.9301302430708477,5.7721457,2.5614426
0.9286032463760335,5.955888,2.615509
0.9282412110502231,6.045974,2.5947015
0.9281735622114563,5.9062195,2.614268
0.9274729658354233,6.023643,2.6041236
0.9260484333222738,6.0043025,2.6008768
0.9257013141603733,6.105859,2.5835624
0.924791093370209,6.2129674,2.5976024
0.9245061049631922,6.1665297,2.5195086
0.924266594415439,6.2993917,2.518238
0.9234169768932331,6.2027264,2.5320482
0.9227494471715434,6.1963205,2.4987044
0.9219679477942634,6.3710427,2.392804
0.920941847242549,6.3673253,2.5122802
0.9203635394968885,6.511715,2.5850828
0.9201742088376239,6.5949726,2.5680213
0.919518447640446,6.744243,2.5689456
0.9185586089334998,6.6794543,2.5338001
0.9176696952408007,6.7702055,2.5140336
0.9169781890560406,6.8422775,2.5317738
0.9160807471437752,6.7967005,2.5813308
0.9159450877716856,6.9653964,2.5827818
0.9145663320389202,7.043238,2.5643857
0.913980087937512,7.102941,2.554846
0.91374648706031,7.154293,2.5121732
0.9128671747139995,6.9939723,2.4455764
0.9127965695453514,7.077277,2.435496
0.9116760936174916,7.179333,2.5002303
0.9109181253108126,7.236663,2.330965
0.9100812238930701,7.15119,2.301138
0.9100890556264255,7.233691,2.4086938
0.9087967299464246,7.507915,2.4709616
0.9079307016547062,7.474246,2.4261467
0.9064621440389382,7.5642376,2.5075579
0.9055716400858782,7.496824,2.485115
0.9052052405117095,7.5203643,2.4473648
0.9051411996508661,7.685926,2.4707093
0.9038519349231383,7.6285963,2.4864461
0.903475234527159,7.7380314,2.4352689
0.9028538074098749,7.858122,2.4372761
0.9018806218749011,7.7651377,2.3104656
0.901473652726266,7.890197,2.4250693
0.9008794573230541,7.8677077,2.3886967
0.9002452483386599,7.845011,2.308583
0.8996911083655872,7.94474,2.3971388
0.8990740813671959,8.02782,2.3758297
0.8975381768229925,7.9699926,2.2701855
0.8970332691584562,8.090556,2.3231785
0.8970138691777396,8.152518,2.3268673
0.8960552351229087,8.203639,2.2641964
0.8947204267732708,8.193132,2.2482736
0.8941683912048858,8.213884,2.1671765
0.8936285037908354,8.273457,2.0759368
0.8933847993797627,8.339615,2.0720375
0.8918166412466638,8.269488,2.0255919
0.8909310993842031,8.360891,1.9906201
0.89076624438628,8.415195,2.1620944
0.8897851075495026,8.511404,2.112678
0.888965710952573,8.49637,2.1432025
0.8879170298994208,8.517433,2.1475017
0.887204282379842,8.5248375,2.1251822
0.8865855874015989,8.60019,2.1267297
0.8854288523418297,8.622571,2.084302
0.8848554558701779,8.632567,2.0719805
0.88212579787465,8.664355,1.9800735
0.8829279048739732,8.759971,2.0245192
0.8824306256764305,8.7764635,1.9835598
0.8826731224461768,8.734657,1.915398
0.8812419658409982,8.802605,1.7544118
0.8812191282673966,8.9774065,1.7832505
0.8808883600907841,8.933944,1.6436149
0.8802692884719292,8.980638,1.705518
0.8795075657159774,8.989212,1.7017839
0.8793242075006993,9.010117,1.6164614
0.8783859359525928,8.968556,1.6157078
0.877608884521585,9.132919,1.5686656
0.8768870438215226,9.059624,1.6845254
0.8761994833955521,9.070706,1.6707411
0.8747408439825602,9.103691,1.6767437
0.8750094843935001,9.11942,1.6067994
0.8734429224991845,9.1129675,1.6566834
0.8729838095502997,9.13892,1.6618114
0.8723798095343374,9.13526,1.5844599
0.8717966742125817,9.233281,1.6120249
0.870733495485088,9.204004,1.5279831
0.8706896736488315,9.286265,1.5415747
0.8699562587229854,9.3212185,1.5653228
0.8684516990474715,9.228582,1.4866092
0.8680198596616157,9.302005,1.4899546
0.8674283306347982,9.34699,1.4932345
0.8665166451311437,9.5044565,1.4884342
0.8658345489832551,9.436803,1.4236755
0.8649996264233298,9.522284,1.4375172
0.8639664653547507,9.410202,1.3348048
0.863030160707617,9.545243,1.2585642
0.8618331729297691,9.60519,1.2484888
0.8608767807833416,9.577606,1.39832
0.8603880925788004,9.612564,1.2302365
0.8595867448391231,9.657394,1.2800456
0.8580887434929918,9.558626,1.1959904
0.8574573862160866,9.65244,1.1978548
0.8564540634537499,9.716337,1.2102115
0.8551789735655534,9.674676,1.1827071
0.8548249911747277,9.733932,1.1201637
0.8535657919332937,9.749938,1.1553215
0.852228442754132,9.829472,0.96029586
0.8518131456630813,9.8050375,1.0758564
0.8508786823700494,9.912835,1.0063118
0.8491196750583939,9.905476,0.9522245
0.8487766212237314,9.885872,1.0419979
0.8477685755076918,9.939767,0.9596487
0.8466668000851268,9.891209,0.94322276
0.8459639647899021,9.972223,0.9182059
0.8449475373256452,9.96598,0.8110646
0.8437983649702231,10.025304,0.79674333
0.8422046490813266,10.056196,0.66922086
0.8408706119481791,10.136585,0.6261675
0.8395582525746861,10.198308,0.6321543
0.8389513948728123,10.271365,0.6009207
0.8382471008425197,10.291017,0.5103681
0.8368701864638565,10.326804,0.4714892
0.8359454560425058,10.243128,0.5777922
0.8350921677689409,10.3186245,0.5156661
0.8335878053813665,10.28128,0.49115682
0.8322412853022294,10.340317,0.44473085
0.8302771104903484,10.302557,0.36572775
0.8298382823286967,10.349981,0.3881276
0.8286151449312328,10.469047,0.19354263
0.8277463845004738,10.549581,0.14820762
0.8267441378541707,10.476931,0.25548926
0.824850998657351,10.5370655,0.12126678
0.8238720798152871,10.539126,0.12463
0.8226567741511788,10.449273,0.14761043
0.8208430044902586,10.509444,0.07200441
0.8199419486216472,10.553586,0.072830975
0.8187730594291209,10.550464,0.018162234
0.8170753548608453,10.534726,-0.02592931
0.8156747181020638,10.5597105,-0.041363347
0.8149118594458543,10.684977,-0.097450696
0.8134441926150252,10.631286,-0.15414101
0.8116051700978503,10.668295,-0.2158769
0.809941805587891,10.618895,-0.17878124
0.8086688201043823,10.628406,-0.28470033
0.8071025093038078,10.786019,-0.33189303
0.8057191143152534,10.770749,-0.48366466
0.8032877377489683,10.746775,-0.4171506
0.8,10.901167,-0.5832872
1.0,-0.84822595,2.024088
0.9984277710787193,-1.0292485,2.0699
0.9975002502746487,-0.9166977,1.9053735
0.9974475969074797,-0.64998543,2.0634809
0.9954059408122007,-0.5829263,2.087648
0.9957492893117992,-0.40726483,1.9653202
0.995275978485187,-0.3444302,2.0698643
0.9928288774591527,-0.6800219,2.001751
0.9932081061788136,-0.14143044,1.9101408
0.9924743090000196,-0.055528633,1.9022777
0.9894710303321049,-0.39005208,1.8061779
0.9897145179243483,-0.055617824,1.8020406
0.9887411214737766,0.07155405,1.7357877
0.9866971330085983,-0.026846675,1.7349923
0.9859220144506111,0.12640099,1.7985857
0.9852370927910102,0.4495562,1.6305437
0.983701073951312,0.33369547,1.7454109
0.9833690543277879,0.68709046,1.5470756
0.9825767191767828,0.42305046,1.7351896
0.9810408108095746,0.54302746,1.6703994
0.9800991829796935,0.89229596,1.5294291
0.9778402539473146,0.8317923,1.6178042
0.9772729668183895,1.0646257,1.5700223
0.9758411414303984,1.1616107,1.4727058
0.973639528949036,1.0377527,1.2856718
0.9736796289070347,1.1916777,1.4590498
0.9728981787972049,1.5893228,1.3304852
0.9697656027280265,1.3853714,1.2124631
0.9698095905202562,1.7995188,1.1668947
0.96894594101286,1.989269,1.1683507
0.9661290549511017,1.6952424,1.165608
0.9660965085496216,1.976178,1.0377209
0.9650676825270829,2.0093803,1.0229818
0.9622669034346271,1.9733078,0.9942913
0.9622410217529049,2.2669146,1.069651
0.9611209987447525,2.308362,1.0307732
0.9587199974221011,2.2969139,0.85255057
0.9582204688284442,2.6193223,1.0626001
0.9564305204122511,2.5249531,1.0241954
0.9542887816866611,2.5983768,0.8995769
0.9536496252010717,2.9537659,0.8941327
0.9526658972387386,2.8469725,0.9465212
0.9507162149373931,2.8942597,0.9345578
0.949511216800955,3.1410751,0.9447404
0.948088276668674,3.268541,0.9949061
0.9467873043893957,3.3249965,0.7869654
0.9460543972143258,3.3781142,0.8550989
0.9437710288663995,3.2293015,0.8310123
0.9435212101113011,3.533222,0.7883837
0.9419378717029758,3.6312516,0.7530446
0.9394763298997342,3.5597637,0.7151412
0.9383018797407676,3.9198382,0.6786589
0.9372710531547878,3.9489007,0.6319824
0.9356360602995574,3.9612594,0.5683793
0.9347053186778141,4.133073,0.58794296
0.9327764098724816,4.1153398,0.61448586
0.9316115101380915,4.025897,0.58956766
0.9297300422655301,4.3104997,0.47664025
0.927640154814592,4.3859754,0.48214644
0.9271455025700103,4.379296,0.5185171
0.9260883524123475,4.8192964,0.36175925
0.9235080449023684,4.5964174,0.3306371
0.9222082940442851,4.735923,0.250513
0.9199305131148429,5.2834086,0.13101746
0.9191670486265984,5.325438,0.062472727
0.9175528059281219,5.193874,0.09179232
0.9166756730271957,5.2048225,0.17708784
0.9150230294687391,4.9921026,-0.00199795
0.9138792688787452,5.0628734,-0.031394534
0.9111826385044179,5.3800697,-0.092880696
0.9096465231957844,5.531259,-0.15747482
0.9094193606368842,5.6714287,-0.17421016
0.9065231827143104,6.21146,-0.31443852
0.905013948007663,6.350501,-0.37472737
0.9041832882382554,6.178479,-0.49472845
0.9018017503012399,6.625494,-0.6185507
0.9009353347878153,6.6625843,-0.52771616
0.8999321325481924,6.097074,-0.443179
0.8974028228739797,6.7123604,-0.5657964
0.8956508661027675,6.724057,-0.62993956
0.8946914981025028,6.491397,-0.6428938
0.8912871529487272,7.211721,-0.79578626
0.8900574603208488,7.115464,-0.64346707
0.8875910297209275,6.91859,-0.8282758
0.8872420486802786,7.244121,-0.9372783
0.884191277733224,7.5960393,-0.9677255
0.8841352572890295,7.0573683,-0.9728654
0.8822612081887686,6.910303,-1.0735525
0.8790887307884061,7.831013,-1.2466967
0.877731387976056,7.731416,-1.3943968
0.8751783033771877,7.650079,-1.338145
0.8735207554625458,8.154755,-1.4429774
0.8727904669522791,8.081201,-1.3684963
0.8702780424536135,7.944164,-1.343496
0.8692192927787682,8.544849,-1.475779
0.8666673969261326,8.446833,-1.4120717
0.8649099383137175,7.901259,-1.4780214
0.8624120152743311,8.382708,-1.6985945
0.8593906953595986,8.960005,-1.7406749
0.8589125953171429,8.601366,-1.8359498
0.8564265099496658,8.903749,-1.9212426
0.8540506730155258,9.229218,-1.8882626
0.8522903078874526,9.259243,-2.0700843
0.8500438886976279,9.109364,-1.9441471
0.8478716447832074,9.494718,-2.1497653
0.8454554153723622,9.427229,-2.1825821
0.8437019337695949,9.340529,-2.2347298
0.8415876210066646,9.504881,-2.2128296
0.83900287592567,9.79716,-2.2683048
0.8373682440509709,9.65147,-2.3714507
0.8357126877530541,9.741865,-2.2669656
0.8328880773327347,9.592743,-2.5126653
0.830410207384249,9.894735,-2.5274506
0.8279558385131188,9.769865,-2.4555445
0.8255009966330163,10.027522,-2.5375855
0.823112251532977,9.998557,-2.565955
0.8207528205416097,10.026791,-2.5994375
0.8185258694052725,10.0810375,-2.5310228
0.8162017398203568,10.104324,-2.5499456
0.8131715572111977,10.160749,-2.6244502
0.8108373575142159,10.222994,-2.621564
0.808352255507497,10.413035,-2.6078236
0.806777023601623,10.325217,-2.7075212
0.804141367818094,10.379732,-2.6217728
0.8021566221707335,10.392517,-2.635577
0.8,10.590803,-2.6300173
1.0,-4.0384727,-1.3063668
0.9984882613101842,-3.8917522,-1.0859183
0.999081387176984,-4.027163,-0.9492327
0.9993724834921682,-3.782102,-0.831474
0.9977791358966229,-2.3512967,-0.7094977
0.998853497990447,-3.1647599,-0.7272023
0.999176035830611,-2.2345724,-0.61580217
0.9972538396990147,-2.0288427,-0.42139354
0.9981962192744681,-1.9602726,-0.39232996
0.9967031976019121,-1.4614991,-0.3974125
0.9954158804566824,-1.8167889,0.29524893
0.9974230500200132,-1.5485237,0.40299287
0.9972995878249413,-1.4774922,0.47411382
0.9970028112942246,-1.6123153,0.42931023
0.9965147428992445,-1.1914504,-0.070298955
0.9958030955642643,-1.2738594,-0.08566115
0.9961050219999346,-1.790388,0.04875414
0.9959106779036728,-1.4004458,0.24179262
0.9937314608577468,-1.546554,0.3615307
0.9952051291403482,-1.2515624,0.29549226
0.9951976635458675,-1.0783324,0.5430107
0.9934001935162227,-1.3436766,0.22231527
0.9943712805710054,-1.2490503,0.43564695
0.9943169119520043,-1.0453911,0.39645132
0.9921405320676744,-1.3116684,0.30069578
0.9929099154938308,-1.0767792,0.4759066
0.992847132613647,-0.9913618,0.61389554
0.9910450341511174,-1.2079334,0.6856306
0.99089475297161,-0.94548297,1.1270585
0.9906677034434891,-0.84414476,1.0845625
0.988364496838082,-1.4018621,1.2860413
0.9916255415723132,-0.9934949,1.3579994
0.9912430580135614,-1.1224557,1.3798897
0.9890782477383581,-1.0347956,1.394174
0.9890324996124314,-0.7236935,1.117865
0.9885418032339166,-0.72518593,0.84698373
0.989519831464941,-0.8166355,1.2201793
0.9893361112572738,-0.83572865,1.1953433
0.987262688225638,-0.7991273,1.2706748
0.9880165070363083,-0.55538535,1.4013911
0.98655198661119,-0.29422322,1.3667067
0.9845199970396885,-0.635452,1.4658093
0.9854250412773131,-0.4573531,1.4472849
0.9854244107969584,-0.26984397,1.4956639
0.9848867053318074,-0.53082085,1.598228
0.9818041233650894,-0.3308764,1.4175513
0.9788355404957826,-0.49869695,1.5415436
0.9834607797321425,-0.43012097,1.7732295
0.9842496196641992,-0.32427648,1.8269696
0.984151080593243,-0.4993568,1.8214226
0.9829225483756675,-1.4251951,1.6391579
0.9828132823001714,-2.0331578,1.8421985
0.960476974892661,-0.65826416,1.6580067
0.9702250923874683,0.28563842,1.6994271
0.980155881259219,0.2701058,1.914162
0.979851955847284,0.4563755,1.8725598
0.9786793713957661,0.06346642,1.6691631
0.9797602518904542,-0.9647996,1.6429769
0.9767066955894128,-1.3697802,1.4378211
0.9760736049281644,-1.650083,1.4432074
0.9771115788777768,-1.5305562,1.6187587
0.9761127271180265,-1.4912858,1.567616
0.9767663245947381,-1.913725,1.6628894
0.9768313156292486,-2.1459818,1.7425524
0.9750750684085917,-2.348445,1.8951535
0.9752187236520344,-2.2553563,2.0791888
0.9745353639671757,-2.1140933,1.8858539
0.9733908594608025,-1.9289949,1.8902651
0.9733421681111639,-1.8161852,1.8426043
0.9733011544802376,-1.8257996,1.7661828
0.9723489943573187,-1.8465029,1.8346411
0.972112584847483,-1.2785943,1.7665389
0.9675176329740519,1.8139024,1.7446526
0.9704659189424993,2.050289,1.8517071
0.9687124065040353,2.2311869,1.8798816
0.9678557361662445,2.2883615,2.0344458
0.9684876697192719,2.5161304,1.9877654
0.966793574898444,2.5783317,2.1378744
0.9663041394806386,2.4101605,1.9530278
0.9645892222358989,2.7613866,1.9869798
0.9668371133969591,2.691789,2.0307343
0.963390767466648,2.6593602,1.9507936
0.9651949694944731,2.8422089,1.9625816
0.964681241064635,2.8064039,2.0641634
0.9628300305025805,2.6088765,2.025544
0.9634404050892257,2.727895,2.0246158
0.9628633675196083,2.7262447,2.0849102
0.9571894275132317,3.0222313,2.0711486
0.9615354555599147,3.4516954,2.3155348
0.9611445591209974,3.3827143,2.127018
0.9579511341413538,3.3106134,2.1316931
0.9601686325908951,3.3482857,2.1210973
0.9567381667234002,3.2762961,2.098974
0.9583999761257123,3.2989275,2.090608
0.958033583073771,3.4102898,2.0240045
0.9562139219401684,3.372768,2.1334007
0.956605449135644,3.4846857,2.1191
0.9562416851720508,3.468847,2.152393
0.9540881266878977,3.440666,2.1067517
0.9545497988738207,3.580669,2.1535327
0.9543070790363691,3.5583458,2.0446837
0.95267355930967,3.4766395,2.108155
0.952830674866761,3.7968304,2.3036215
0.952094944066081,3.7174025,2.237456
0.951128587823586,3.562747,2.1550348
0.9509480200176925,3.7920156,2.1883485
0.9503900169151397,4.1084275,2.2195625
0.949520938046349,3.9734907,2.275695
0.9491247835228025,4.063913,2.2204218
0.947669096451533,4.2054343,2.2145798
0.9474094446074988,4.241131,2.2717657
0.9471175086338981,4.246482,2.393173
0.9458159924229224,4.31742,2.3652008
0.9451454633078994,4.330688,2.3278058
0.9450106436279324,4.363745,2.3807647
0.9434203453182148,4.404976,2.4005392
0.9440181010909845,4.4359827,2.3222828
0.9431690016732479,4.487682,2.3517053
0.9414376790497919,4.521494,2.3807847
0.9418570751709944,4.725038,2.4307797
0.9408481268870588,4.61033,2.4225526
0.9397026751870684,4.6199565,2.4558294
0.9400130158839214,4.746045,2.5064342
0.9387930025165595,4.6906314,2.482221
0.9379727195864378,4.6705394,2.4843817
0.9381890435831035,4.805592,2.4693131
0.9334311913480183,5.1749454,2.3732033
0.9366840339452979,4.9859757,2.4461539
0.9363431959709123,4.990768,2.5112371
0.9346530976295294,5.3120723,2.498189
0.933012740947348,5.136073,2.5062194
0.9290697050241684,5.6297674,2.584564
0.9322419904983664,5.455992,2.5523405
0.9323199166917436,5.2713523,2.5893643
0.9317734817252323,5.433174,2.5380127
0.9304654471133927,5.450308,2.5201354
0.9304768045982877,5.466765,2.442784
0.930361017175758,5.4841886,2.4875243
0.9283436479722957,5.4700847,2.5117772
0.9287727193153902,5.5345707,2.4951992
0.9284495480487016,5.627737,2.5107343
0.9263570898134585,5.5997,2.5593922
0.926641244952401,5.357712,2.4569027
0.9260866078489384,5.4289927,2.4934678
0.9252876743388662,5.4376936,2.452667
0.9245509963445692,5.9713454,2.4966226
0.9234354114417571,6.2976174,2.5550914
0.9229403370547976,5.8997064,2.5005133
0.9225087644134733,6.290626,2.5246146
0.9207783344794915,6.592976,2.5404263
0.9212557289009896,6.0715246,2.591181
0.9203796764480882,6.510582,2.6116579
0.9189758264993486,6.624814,2.5745168
0.9191010681810294,6.26547,2.6467774
0.9185968459365865,6.718871,2.6426075
0.9165991394709162,6.5728498,2.5376527
0.9163434649562227,6.5567036,2.623999
0.9158682565927769,6.6678634,2.6088479
0.9149228188929862,6.6173234,2.5458095
0.9147243000740019,6.7376065,2.5397718
0.913919695186907,6.9624295,2.5678318
0.9127042793176459,6.74868,2.5193524
0.9130115471593119,7.011137,2.534183
0.9107208647220728,7.118678,2.5000732
0.9104219227564933,6.8917646,2.5965085
0.9103060322180175,7.158291,2.567893
0.908031453545353,7.411578,2.5123215
0.9079737262926866,7.048456,2.5092373
0.9074309534153386,7.3025517,2.5382154
0.906392988304236,7.519763,2.51077
0.906382829910483,7.2096515,2.5491652
0.9054585692798036,7.523298,2.5261133
0.9037107775667077,7.511183,2.400615
0.9025992230242941,7.431564,2.4552152
0.9031686351697146,7.6664343,2.4791412
0.9012824441802451,7.559838,2.383312
0.9016231274807118,7.567439,2.3263664
0.9009433341344951,7.754641,2.3963985
0.8992129071466834,7.8442707,2.4197102
0.8997257174763321,7.826102,2.4199226
0.8987280559692141,7.9591694,2.401223
0.8972729367721892,7.813985,2.3213336
0.8973183784964481,7.9398794,2.3332846
0.8956065713022902,7.979964,2.3593888
0.8950677521849237,7.8716674,2.3183532
0.8939728022559648,7.9973845,2.2498407
0.8936430904921382,8.158008,2.3089683
0.8927168853893367,8.04456,2.2334828
0.8923337065344928,8.218229,2.2164428
0.8910421292276137,8.27749,2.176994
0.8904383058179726,8.249862,2.1704373
0.8897397630466272,8.344285,2.227545
0.8884368960167607,8.467545,2.1482139
0.8881691186361921,8.313823,2.2039878
0.887519099282802,8.46432,2.1399415
0.8852467773762672,8.542175,2.0683782
0.8854158934198298,8.4702015,2.1762462
0.8843475886512829,8.637485,2.1518877
0.8825027736716353,8.5803385,2.0571272
0.882705299281659,8.521442,2.1325965
0.8830510558866624,8.699267,2.0736716
0.8798431305954026,8.682284,2.0517538
0.8802291377733331,8.762267,2.0138204
0.8802797824336035,8.873374,2.001225
0.8770134345935849,8.833933,1.9202623
0.8775313182277704,8.975996,1.8563433
0.8769951919096761,9.025029,1.8682904
0.8751592684707321,8.972753,1.7556626
0.8752557496420257,9.010874,1.8688309
0.8741396697826734,9.049745,1.8947747
0.8720979033464189,9.057968,1.7711086
0.8720399227231425,9.065487,1.7685089
0.8719000150077894,9.11883,1.7248328
0.8697843468462165,9.181168,1.746577
0.8703764444997277,9.187995,1.7202812
0.868522973672967,9.241458,1.6556948
0.8668487124677844,9.158241,1.5743148
0.8670781896398879,9.276458,1.6616417
0.8666717596123359,9.30245,1.6505196
0.8635983505455451,9.293147,1.5335433
0.8634338717733768,9.443061,1.5151793
0.8633847296597463,9.438797,1.4918709
0.8613369353599133,9.5027,1.509793
0.8609925045313566,9.431022,1.4683424
0.8600281170668851,9.557461,1.470435
0.8564113164270715,9.417667,1.3512176
0.8577929169008626,9.596936,1.2920427
0.8577772432770907,9.619972,1.3244423
0.8551418589636659,9.623889,1.2646636
0.8548533346547887,9.670904,1.1778401
0.8531739942527296,9.738073,1.1237938
0.8537322463066372,9.736185,1.0259103
0.8527604109247043,9.800535,0.982685
0.8502439458123936,9.902558,0.9384212
0.8505737754230155,9.871334,0.83992773
0.8505510899149246,9.785086,0.92149717
0.8489605117190683,9.939441,0.8255334
0.8489663451354346,9.943059,0.74833596
0.8477945473112753,10.009644,0.7552725
0.8460425543599277,10.02061,0.7113604
0.8457421157400482,10.070347,0.6431672
0.8460072003213446,10.055186,0.6845439
0.8419639592681407,10.173094,0.5838199
0.8435992367534456,10.015451,0.6942374
0.8426079095115739,10.013184,0.66980106
0.8409893073478008,10.061049,0.6049344
0.8402855027170464,10.048655,0.5724667
0.8395213369577508,10.112424,0.5387016
0.837903371166672,10.2113085,0.38836917
0.8373711279004821,10.14282,0.53358865
0.8363128518942134,10.218423,0.50450987
0.8345737160282307,10.119214,0.39712912
0.8343286771868108,10.237518,0.43847662
0.8332468436061661,10.255546,0.38038304
0.8312698104145573,10.214078,0.2878314
0.8308117870600329,10.2494335,0.32147682
0.8294863052301528,10.266529,0.37857386
0.8283488597468168,10.306582,0.16559342
0.8271309249023064,10.376924,0.18265766
0.8256929229522957,10.397454,0.14545946
0.8238553143041792,10.460355,0.012357541
0.8221553507129467,10.476217,0.05553827
0.8221725209910185,10.475314,0.086160384
0.8203009960352212,10.401286,-0.012154542
0.8191181088276265,10.44472,0.04812408
0.8178826265952993,10.423635,0.028081115
0.8159505519560888,10.56292,-0.15991375
0.8149584704947272,10.596601,-0.12533087
0.8135589455233744,10.527806,-0.15867622
0.8113086256135177,10.558855,-0.26634794
0.8103119127731019,10.563831,-0.20723513
0.8089217330526144,10.598833,-0.2410051
0.8068548298949272,10.5967865,-0.40145734
0.8057568630880091,10.641337,-0.36824733
0.8032956209839653,10.628947,-0.35079116
0.8022156022439678,10.613999,-0.46998098
0.8,10.601416,-0.505719
